2026-05-03 21:47:37 [restartedMain] INFO  com.example.coworking.CoworkingApplication - Starting CoworkingApplication using Java 17.0.18 with PID 51577 (/home/serega/IdeaProjects/coworking/target/classes started by serega in /home/serega/IdeaProjects/coworking)
2026-05-03 21:47:37 [restartedMain] INFO  com.example.coworking.CoworkingApplication - No active profile set, falling back to 1 default profile: "default"
2026-05-03 21:47:37 [restartedMain] INFO  org.springframework.boot.devtools.env.DevToolsPropertyDefaultsPostProcessor - Devtools property defaults active! Set 'spring.devtools.add-properties' to 'false' to disable
2026-05-03 21:47:37 [restartedMain] INFO  org.springframework.boot.devtools.env.DevToolsPropertyDefaultsPostProcessor - For additional web related logging consider setting the 'logging.level.web' property to 'DEBUG'
2026-05-03 21:47:37 [background-preinit] INFO  org.hibernate.validator.internal.util.Version - HV000001: Hibernate Validator 9.0.1.Final
2026-05-03 21:47:38 [restartedMain] INFO  org.springframework.data.repository.config.RepositoryConfigurationDelegate - Bootstrapping Spring Data JPA repositories in DEFAULT mode.
2026-05-03 21:47:38 [restartedMain] INFO  org.springframework.data.repository.config.RepositoryConfigurationDelegate - Finished Spring Data repository scanning in 55 ms. Found 5 JPA repository interfaces.
2026-05-03 21:47:39 [restartedMain] INFO  org.springframework.boot.tomcat.TomcatWebServer - Tomcat initialized with port 8080 (http)
2026-05-03 21:47:39 [restartedMain] INFO  org.apache.coyote.http11.Http11NioProtocol - Initializing ProtocolHandler ["http-nio-8080"]
2026-05-03 21:47:39 [restartedMain] INFO  org.apache.catalina.core.StandardService - Starting service [Tomcat]
2026-05-03 21:47:39 [restartedMain] INFO  org.apache.catalina.core.StandardEngine - Starting Servlet engine: [Apache Tomcat/11.0.18]
2026-05-03 21:47:39 [restartedMain] INFO  org.springframework.boot.web.context.servlet.WebApplicationContextInitializer - Root WebApplicationContext: initialization completed in 1698 ms
2026-05-03 21:47:39 [restartedMain] INFO  org.hibernate.orm.jpa - HHH008540: Processing PersistenceUnitInfo [name: default]
2026-05-03 21:47:39 [restartedMain] INFO  org.hibernate.orm.core - HHH000001: Hibernate ORM core version 7.2.4.Final
2026-05-03 21:47:39 [restartedMain] INFO  org.springframework.orm.jpa.persistenceunit.SpringPersistenceUnitInfo - No LoadTimeWeaver setup: ignoring JPA class transformer
2026-05-03 21:47:39 [restartedMain] INFO  com.zaxxer.hikari.HikariDataSource - HikariPool-1 - Starting...
2026-05-03 21:47:39 [restartedMain] INFO  com.zaxxer.hikari.pool.HikariPool - HikariPool-1 - Added connection org.postgresql.jdbc.PgConnection@45c0abfb
2026-05-03 21:47:39 [restartedMain] INFO  com.zaxxer.hikari.HikariDataSource - HikariPool-1 - Start completed.
2026-05-03 21:47:39 [restartedMain] INFO  org.hibernate.orm.connections.pooling - HHH10001005: Database info:
	Database JDBC URL [jdbc:postgresql://localhost:5432/coworkingsdb]
	Database driver: PostgreSQL JDBC Driver
	Database dialect: PostgreSQLDialect
	Database version: 18.3
	Default catalog/schema: coworkingsdb/public
	Autocommit mode: undefined/unknown
	Isolation level: READ_COMMITTED [default READ_COMMITTED]
	JDBC fetch size: none
	Pool: DataSourceConnectionProvider
	Minimum pool size: undefined/unknown
	Maximum pool size: undefined/unknown
2026-05-03 21:47:41 [restartedMain] INFO  org.hibernate.orm.core - HHH000489: No JTA platform available (set 'hibernate.transaction.jta.platform' to enable JTA platform integration)
2026-05-03 21:47:41 [restartedMain] INFO  org.springframework.orm.jpa.LocalContainerEntityManagerFactoryBean - Initialized JPA EntityManagerFactory for persistence unit 'default'
2026-05-03 21:47:41 [restartedMain] INFO  org.springframework.data.jpa.repository.query.QueryEnhancerFactories - Hibernate is in classpath; If applicable, HQL parser will be used.
2026-05-03 21:47:43 [restartedMain] INFO  org.apache.coyote.http11.Http11NioProtocol - Starting ProtocolHandler ["http-nio-8080"]
2026-05-03 21:47:43 [restartedMain] INFO  org.springframework.boot.tomcat.TomcatWebServer - Tomcat started on port 8080 (http) with context path '/'
2026-05-03 21:47:43 [restartedMain] INFO  com.example.coworking.CoworkingApplication - Started CoworkingApplication in 6.43 seconds (process running for 7.374)
2026-05-03 21:48:44 [SpringApplicationShutdownHook] INFO  org.springframework.boot.tomcat.GracefulShutdown - Commencing graceful shutdown. Waiting for active requests to complete
2026-05-03 21:48:44 [tomcat-shutdown] INFO  org.springframework.boot.tomcat.GracefulShutdown - Graceful shutdown complete
2026-05-03 21:48:45 [SpringApplicationShutdownHook] INFO  org.springframework.orm.jpa.LocalContainerEntityManagerFactoryBean - Closing JPA EntityManagerFactory for persistence unit 'default'
2026-05-03 21:48:45 [SpringApplicationShutdownHook] INFO  com.zaxxer.hikari.HikariDataSource - HikariPool-1 - Shutdown initiated...
2026-05-03 21:48:45 [SpringApplicationShutdownHook] INFO  com.zaxxer.hikari.HikariDataSource - HikariPool-1 - Shutdown completed.
2026-05-03 21:48:48 [restartedMain] INFO  com.example.coworking.CoworkingApplication - Starting CoworkingApplication using Java 17.0.18 with PID 51884 (/home/serega/IdeaProjects/coworking/target/classes started by serega in /home/serega/IdeaProjects/coworking)
2026-05-03 21:48:48 [restartedMain] INFO  com.example.coworking.CoworkingApplication - No active profile set, falling back to 1 default profile: "default"
2026-05-03 21:48:48 [restartedMain] INFO  org.springframework.boot.devtools.env.DevToolsPropertyDefaultsPostProcessor - Devtools property defaults active! Set 'spring.devtools.add-properties' to 'false' to disable
2026-05-03 21:48:48 [restartedMain] INFO  org.springframework.boot.devtools.env.DevToolsPropertyDefaultsPostProcessor - For additional web related logging consider setting the 'logging.level.web' property to 'DEBUG'
2026-05-03 21:48:49 [background-preinit] INFO  org.hibernate.validator.internal.util.Version - HV000001: Hibernate Validator 9.0.1.Final
2026-05-03 21:48:49 [restartedMain] INFO  org.springframework.data.repository.config.RepositoryConfigurationDelegate - Bootstrapping Spring Data JPA repositories in DEFAULT mode.
2026-05-03 21:48:49 [restartedMain] INFO  org.springframework.data.repository.config.RepositoryConfigurationDelegate - Finished Spring Data repository scanning in 46 ms. Found 5 JPA repository interfaces.
2026-05-03 21:48:50 [restartedMain] INFO  org.springframework.boot.tomcat.TomcatWebServer - Tomcat initialized with port 8080 (http)
2026-05-03 21:48:50 [restartedMain] INFO  org.apache.coyote.http11.Http11NioProtocol - Initializing ProtocolHandler ["http-nio-8080"]
2026-05-03 21:48:50 [restartedMain] INFO  org.apache.catalina.core.StandardService - Starting service [Tomcat]
2026-05-03 21:48:50 [restartedMain] INFO  org.apache.catalina.core.StandardEngine - Starting Servlet engine: [Apache Tomcat/11.0.18]
2026-05-03 21:48:50 [restartedMain] INFO  org.springframework.boot.web.context.servlet.WebApplicationContextInitializer - Root WebApplicationContext: initialization completed in 1390 ms
2026-05-03 21:48:50 [restartedMain] INFO  org.hibernate.orm.jpa - HHH008540: Processing PersistenceUnitInfo [name: default]
2026-05-03 21:48:50 [restartedMain] INFO  org.hibernate.orm.core - HHH000001: Hibernate ORM core version 7.2.4.Final
2026-05-03 21:48:50 [restartedMain] INFO  org.springframework.orm.jpa.persistenceunit.SpringPersistenceUnitInfo - No LoadTimeWeaver setup: ignoring JPA class transformer
2026-05-03 21:48:50 [restartedMain] INFO  com.zaxxer.hikari.HikariDataSource - HikariPool-1 - Starting...
2026-05-03 21:48:50 [restartedMain] INFO  com.zaxxer.hikari.pool.HikariPool - HikariPool-1 - Added connection org.postgresql.jdbc.PgConnection@512b6972
2026-05-03 21:48:50 [restartedMain] INFO  com.zaxxer.hikari.HikariDataSource - HikariPool-1 - Start completed.
2026-05-03 21:48:50 [restartedMain] INFO  org.hibernate.orm.connections.pooling - HHH10001005: Database info:
	Database JDBC URL [jdbc:postgresql://localhost:5432/coworkingsdb]
	Database driver: PostgreSQL JDBC Driver
	Database dialect: PostgreSQLDialect
	Database version: 18.3
	Default catalog/schema: coworkingsdb/public
	Autocommit mode: undefined/unknown
	Isolation level: READ_COMMITTED [default READ_COMMITTED]
	JDBC fetch size: none
	Pool: DataSourceConnectionProvider
	Minimum pool size: undefined/unknown
	Maximum pool size: undefined/unknown
2026-05-03 21:48:52 [restartedMain] INFO  org.hibernate.orm.core - HHH000489: No JTA platform available (set 'hibernate.transaction.jta.platform' to enable JTA platform integration)
2026-05-03 21:48:52 [restartedMain] INFO  org.springframework.orm.jpa.LocalContainerEntityManagerFactoryBean - Initialized JPA EntityManagerFactory for persistence unit 'default'
2026-05-03 21:48:52 [restartedMain] INFO  org.springframework.data.jpa.repository.query.QueryEnhancerFactories - Hibernate is in classpath; If applicable, HQL parser will be used.
2026-05-03 21:48:54 [restartedMain] INFO  org.apache.coyote.http11.Http11NioProtocol - Starting ProtocolHandler ["http-nio-8080"]
2026-05-03 21:48:54 [restartedMain] INFO  org.springframework.boot.tomcat.TomcatWebServer - Tomcat started on port 8080 (http) with context path '/'
2026-05-03 21:48:54 [restartedMain] INFO  com.example.coworking.CoworkingApplication - Started CoworkingApplication in 6.424 seconds (process running for 7.569)
2026-05-03 21:49:57 [http-nio-8080-exec-2] INFO  org.apache.catalina.core.ContainerBase.[Tomcat].[localhost].[/] - Initializing Spring DispatcherServlet 'dispatcherServlet'
2026-05-03 21:49:57 [http-nio-8080-exec-2] INFO  org.springframework.web.servlet.DispatcherServlet - Initializing Servlet 'dispatcherServlet'
2026-05-03 21:49:57 [http-nio-8080-exec-2] INFO  org.springframework.web.servlet.DispatcherServlet - Completed initialization in 4 ms
2026-05-03 21:49:57 [http-nio-8080-exec-2] ERROR com.example.coworking.exception.GlobalExceptionHandler - Error 400! Invalid argument in request at /api/amenities: Validation failed for argument [0] in public org.springframework.http.ResponseEntity<com.example.coworking.dto.AmenityDto> com.example.coworking.controller.AmenityController.createAmenity(com.example.coworking.dto.AmenityCreateDto) with 2 errors: [Field error in object 'amenityCreateDto' on field 'name': rejected value [1]; codes [Size.amenityCreateDto.name,Size.name,Size.java.lang.String,Size]; arguments [org.springframework.context.support.DefaultMessageSourceResolvable: codes [amenityCreateDto.name,name]; arguments []; default message [name],100,2]; default message [Amenity name must be between 2 and 100 characters]] [Field error in object 'amenityCreateDto' on field 'description': rejected value [22222222222222222222222222222222222222222222222222222222222222222222222222222222222222222222342222222222222222222222222222222222222222222222222222222222222222222222222222222222222222222234222222222222222222222222222222222222222222222222222222222222222222222222222222222222222222223422222222222222222222222222222222222222222222222222222222222222222222222222222222222222222222342222222222222222222222222222222222222222222222222222222222222222222222222222222222222222222234222222222222222222222222222222222222222222222222222222222222222222222222222222222222222222223422222222222222222222222222222222222222222222222222222222222222222222222222222222222222222222342222222222222222222222222222222222222222222222222222222222222222222222222222222222222222222234]; codes [Size.amenityCreateDto.description,Size.description,Size.java.lang.String,Size]; arguments [org.springframework.context.support.DefaultMessageSourceResolvable: codes [amenityCreateDto.description,description]; arguments []; default message [description],500,0]; default message [Description cannot exceed 500 characters]] 
2026-05-03 21:49:57 [http-nio-8080-exec-2] WARN  org.springframework.web.servlet.mvc.method.annotation.ExceptionHandlerExceptionResolver - Resolved [org.springframework.web.bind.MethodArgumentNotValidException: Validation failed for argument [0] in public org.springframework.http.ResponseEntity<com.example.coworking.dto.AmenityDto> com.example.coworking.controller.AmenityController.createAmenity(com.example.coworking.dto.AmenityCreateDto) with 2 errors: [Field error in object 'amenityCreateDto' on field 'name': rejected value [1]; codes [Size.amenityCreateDto.name,Size.name,Size.java.lang.String,Size]; arguments [org.springframework.context.support.DefaultMessageSourceResolvable: codes [amenityCreateDto.name,name]; arguments []; default message [name],100,2]; default message [Amenity name must be between 2 and 100 characters]] [Field error in object 'amenityCreateDto' on field 'description': rejected value [22222222222222222222222222222222222222222222222222222222222222222222222222222222222222222222342222222222222222222222222222222222222222222222222222222222222222222222222222222222222222222234222222222222222222222222222222222222222222222222222222222222222222222222222222222222222222223422222222222222222222222222222222222222222222222222222222222222222222222222222222222222222222342222222222222222222222222222222222222222222222222222222222222222222222222222222222222222222234222222222222222222222222222222222222222222222222222222222222222222222222222222222222222222223422222222222222222222222222222222222222222222222222222222222222222222222222222222222222222222342222222222222222222222222222222222222222222222222222222222222222222222222222222222222222222234]; codes [Size.amenityCreateDto.description,Size.description,Size.java.lang.String,Size]; arguments [org.springframework.context.support.DefaultMessageSourceResolvable: codes [amenityCreateDto.description,description]; arguments []; default message [description],500,0]; default message [Description cannot exceed 500 characters]] ]
2026-05-03 21:50:07 [http-nio-8080-exec-4] INFO  com.example.coworking.service.BookingService - Bookings cached: price=201, capacity=1
2026-05-03 21:50:07 [http-nio-8080-exec-4] INFO  com.example.coworking.aspect.ExecutionTimeAspect - Method getUserBookings executed in 176 ms
2026-05-03 21:50:07 [http-nio-8080-exec-4] WARN  org.springframework.data.web.config.SpringDataJackson3Configuration$PageModule$WarningLoggingModifier - Serializing PageImpl instances as-is is not supported, meaning that there is no guarantee about the stability of the resulting JSON structure!
	For a stable JSON structure, please use Spring Data's PagedModel (globally via @EnableSpringDataWebSupport(pageSerializationMode = VIA_DTO))
	or Spring HATEOAS and Spring Data's PagedResourcesAssembler as documented in https://docs.spring.io/spring-data/commons/reference/repositories/core-extensions.html#core.web.pageables.

2026-05-03 21:50:15 [http-nio-8080-exec-5] INFO  com.example.coworking.service.BookingService - Bookings loaded from cache: price=201, capacity=1
2026-05-03 21:50:15 [http-nio-8080-exec-5] INFO  com.example.coworking.aspect.ExecutionTimeAspect - Method getUserBookings executed in 0 ms
2026-05-03 21:50:32 [http-nio-8080-exec-6] INFO  com.example.coworking.service.BookingService - Bookings loaded from cache: price=201, capacity=1
2026-05-03 21:50:32 [http-nio-8080-exec-6] INFO  com.example.coworking.aspect.ExecutionTimeAspect - Method getUserBookings executed in 0 ms
2026-05-03 21:51:48 [File Watcher] INFO  org.springframework.boot.devtools.autoconfigure.LocalDevToolsAutoConfiguration$RestartingClassPathChangeChangedEventListener - Restarting due to 1 class path change (0 additions, 0 deletions, 1 modification)
2026-05-03 21:51:48 [Thread-1] INFO  org.springframework.boot.tomcat.GracefulShutdown - Commencing graceful shutdown. Waiting for active requests to complete
2026-05-03 21:51:48 [tomcat-shutdown] INFO  org.apache.coyote.http11.Http11NioProtocol - Pausing ProtocolHandler ["http-nio-8080"]
2026-05-03 21:51:48 [tomcat-shutdown] INFO  org.springframework.boot.tomcat.GracefulShutdown - Graceful shutdown complete
2026-05-03 21:51:48 [Thread-1] INFO  org.apache.coyote.http11.Http11NioProtocol - Stopping ProtocolHandler ["http-nio-8080"]
2026-05-03 21:51:48 [Thread-1] INFO  org.springframework.orm.jpa.LocalContainerEntityManagerFactoryBean - Closing JPA EntityManagerFactory for persistence unit 'default'
2026-05-03 21:51:48 [Thread-1] INFO  com.zaxxer.hikari.HikariDataSource - HikariPool-1 - Shutdown initiated...
2026-05-03 21:51:48 [Thread-1] INFO  com.zaxxer.hikari.HikariDataSource - HikariPool-1 - Shutdown completed.
2026-05-03 21:51:48 [restartedMain] INFO  com.example.coworking.CoworkingApplication - Starting CoworkingApplication using Java 17.0.18 with PID 51884 (/home/serega/IdeaProjects/coworking/target/classes started by serega in /home/serega/IdeaProjects/coworking)
2026-05-03 21:51:48 [restartedMain] INFO  com.example.coworking.CoworkingApplication - No active profile set, falling back to 1 default profile: "default"
2026-05-03 21:51:48 [restartedMain] INFO  org.springframework.data.repository.config.RepositoryConfigurationDelegate - Bootstrapping Spring Data JPA repositories in DEFAULT mode.
2026-05-03 21:51:48 [restartedMain] INFO  org.springframework.data.repository.config.RepositoryConfigurationDelegate - Finished Spring Data repository scanning in 11 ms. Found 5 JPA repository interfaces.
2026-05-03 21:51:48 [restartedMain] INFO  org.springframework.boot.tomcat.TomcatWebServer - Tomcat initialized with port 8080 (http)
2026-05-03 21:51:48 [restartedMain] INFO  org.apache.coyote.http11.Http11NioProtocol - Initializing ProtocolHandler ["http-nio-8080"]
2026-05-03 21:51:48 [restartedMain] INFO  org.apache.catalina.core.StandardService - Starting service [Tomcat]
2026-05-03 21:51:48 [restartedMain] INFO  org.apache.catalina.core.StandardEngine - Starting Servlet engine: [Apache Tomcat/11.0.18]
2026-05-03 21:51:48 [restartedMain] INFO  org.springframework.boot.web.context.servlet.WebApplicationContextInitializer - Root WebApplicationContext: initialization completed in 329 ms
2026-05-03 21:51:48 [restartedMain] INFO  org.hibernate.orm.jpa - HHH008540: Processing PersistenceUnitInfo [name: default]
2026-05-03 21:51:48 [restartedMain] INFO  org.springframework.orm.jpa.persistenceunit.SpringPersistenceUnitInfo - No LoadTimeWeaver setup: ignoring JPA class transformer
2026-05-03 21:51:48 [restartedMain] INFO  com.zaxxer.hikari.HikariDataSource - HikariPool-2 - Starting...
2026-05-03 21:51:48 [restartedMain] INFO  com.zaxxer.hikari.pool.HikariPool - HikariPool-2 - Added connection org.postgresql.jdbc.PgConnection@25d0e578
2026-05-03 21:51:48 [restartedMain] INFO  com.zaxxer.hikari.HikariDataSource - HikariPool-2 - Start completed.
2026-05-03 21:51:48 [restartedMain] INFO  org.hibernate.orm.connections.pooling - HHH10001005: Database info:
	Database JDBC URL [jdbc:postgresql://localhost:5432/coworkingsdb]
	Database driver: PostgreSQL JDBC Driver
	Database dialect: PostgreSQLDialect
	Database version: 18.3
	Default catalog/schema: coworkingsdb/public
	Autocommit mode: undefined/unknown
	Isolation level: READ_COMMITTED [default READ_COMMITTED]
	JDBC fetch size: none
	Pool: DataSourceConnectionProvider
	Minimum pool size: undefined/unknown
	Maximum pool size: undefined/unknown
2026-05-03 21:51:48 [restartedMain] INFO  org.hibernate.orm.core - HHH000489: No JTA platform available (set 'hibernate.transaction.jta.platform' to enable JTA platform integration)
2026-05-03 21:51:48 [restartedMain] INFO  org.springframework.orm.jpa.LocalContainerEntityManagerFactoryBean - Initialized JPA EntityManagerFactory for persistence unit 'default'
2026-05-03 21:51:49 [restartedMain] INFO  org.apache.coyote.http11.Http11NioProtocol - Starting ProtocolHandler ["http-nio-8080"]
2026-05-03 21:51:49 [restartedMain] INFO  org.springframework.boot.tomcat.TomcatWebServer - Tomcat started on port 8080 (http) with context path '/'
2026-05-03 21:51:49 [restartedMain] INFO  com.example.coworking.CoworkingApplication - Started CoworkingApplication in 1.207 seconds (process running for 182.941)
2026-05-03 21:51:49 [restartedMain] INFO  org.springframework.boot.devtools.autoconfigure.ConditionEvaluationDeltaLoggingListener - Condition evaluation delta:


==========================
CONDITION EVALUATION DELTA
==========================


Positive matches:
-----------------

    None


Negative matches:
-----------------

   DataWebAutoConfiguration:
      Did not match:
         - @ConditionalOnMissingBean (types: org.springframework.data.web.PageableHandlerMethodArgumentResolver; SearchStrategy: all) found beans of type 'org.springframework.data.web.PageableHandlerMethodArgumentResolver' pageableResolver (OnBeanCondition)
      Matched:
         - @ConditionalOnClass found required classes 'org.springframework.data.web.PageableHandlerMethodArgumentResolver', 'org.springframework.web.servlet.config.annotation.WebMvcConfigurer' (OnClassCondition)
         - found 'session' scope (OnWebApplicationCondition)


Exclusions:
-----------

    None


Unconditional classes:
----------------------

    None



2026-05-03 21:51:53 [SpringApplicationShutdownHook] INFO  org.springframework.boot.tomcat.GracefulShutdown - Commencing graceful shutdown. Waiting for active requests to complete
2026-05-03 21:51:53 [tomcat-shutdown] INFO  org.springframework.boot.tomcat.GracefulShutdown - Graceful shutdown complete
2026-05-03 21:51:53 [SpringApplicationShutdownHook] INFO  org.springframework.orm.jpa.LocalContainerEntityManagerFactoryBean - Closing JPA EntityManagerFactory for persistence unit 'default'
2026-05-03 21:51:53 [SpringApplicationShutdownHook] INFO  com.zaxxer.hikari.HikariDataSource - HikariPool-2 - Shutdown initiated...
2026-05-03 21:51:53 [SpringApplicationShutdownHook] INFO  com.zaxxer.hikari.HikariDataSource - HikariPool-2 - Shutdown completed.
2026-05-03 21:51:56 [restartedMain] INFO  com.example.coworking.CoworkingApplication - Starting CoworkingApplication using Java 17.0.18 with PID 52982 (/home/serega/IdeaProjects/coworking/target/classes started by serega in /home/serega/IdeaProjects/coworking)
2026-05-03 21:51:56 [restartedMain] INFO  com.example.coworking.CoworkingApplication - No active profile set, falling back to 1 default profile: "default"
2026-05-03 21:51:56 [restartedMain] INFO  org.springframework.boot.devtools.env.DevToolsPropertyDefaultsPostProcessor - Devtools property defaults active! Set 'spring.devtools.add-properties' to 'false' to disable
2026-05-03 21:51:56 [restartedMain] INFO  org.springframework.boot.devtools.env.DevToolsPropertyDefaultsPostProcessor - For additional web related logging consider setting the 'logging.level.web' property to 'DEBUG'
2026-05-03 21:51:56 [background-preinit] INFO  org.hibernate.validator.internal.util.Version - HV000001: Hibernate Validator 9.0.1.Final
2026-05-03 21:51:57 [restartedMain] INFO  org.springframework.data.repository.config.RepositoryConfigurationDelegate - Bootstrapping Spring Data JPA repositories in DEFAULT mode.
2026-05-03 21:51:57 [restartedMain] INFO  org.springframework.data.repository.config.RepositoryConfigurationDelegate - Finished Spring Data repository scanning in 55 ms. Found 5 JPA repository interfaces.
2026-05-03 21:51:57 [restartedMain] INFO  org.springframework.boot.tomcat.TomcatWebServer - Tomcat initialized with port 8080 (http)
2026-05-03 21:51:57 [restartedMain] INFO  org.apache.coyote.http11.Http11NioProtocol - Initializing ProtocolHandler ["http-nio-8080"]
2026-05-03 21:51:57 [restartedMain] INFO  org.apache.catalina.core.StandardService - Starting service [Tomcat]
2026-05-03 21:51:57 [restartedMain] INFO  org.apache.catalina.core.StandardEngine - Starting Servlet engine: [Apache Tomcat/11.0.18]
2026-05-03 21:51:57 [restartedMain] INFO  org.springframework.boot.web.context.servlet.WebApplicationContextInitializer - Root WebApplicationContext: initialization completed in 1556 ms
2026-05-03 21:51:58 [restartedMain] INFO  org.hibernate.orm.jpa - HHH008540: Processing PersistenceUnitInfo [name: default]
2026-05-03 21:51:58 [restartedMain] INFO  org.hibernate.orm.core - HHH000001: Hibernate ORM core version 7.2.4.Final
2026-05-03 21:51:58 [restartedMain] INFO  org.springframework.orm.jpa.persistenceunit.SpringPersistenceUnitInfo - No LoadTimeWeaver setup: ignoring JPA class transformer
2026-05-03 21:51:58 [restartedMain] INFO  com.zaxxer.hikari.HikariDataSource - HikariPool-1 - Starting...
2026-05-03 21:51:58 [restartedMain] INFO  com.zaxxer.hikari.pool.HikariPool - HikariPool-1 - Added connection org.postgresql.jdbc.PgConnection@7bde16ff
2026-05-03 21:51:58 [restartedMain] INFO  com.zaxxer.hikari.HikariDataSource - HikariPool-1 - Start completed.
2026-05-03 21:51:58 [restartedMain] INFO  org.hibernate.orm.connections.pooling - HHH10001005: Database info:
	Database JDBC URL [jdbc:postgresql://localhost:5432/coworkingsdb]
	Database driver: PostgreSQL JDBC Driver
	Database dialect: PostgreSQLDialect
	Database version: 18.3
	Default catalog/schema: coworkingsdb/public
	Autocommit mode: undefined/unknown
	Isolation level: READ_COMMITTED [default READ_COMMITTED]
	JDBC fetch size: none
	Pool: DataSourceConnectionProvider
	Minimum pool size: undefined/unknown
	Maximum pool size: undefined/unknown
2026-05-03 21:51:59 [restartedMain] INFO  org.hibernate.orm.core - HHH000489: No JTA platform available (set 'hibernate.transaction.jta.platform' to enable JTA platform integration)
2026-05-03 21:51:59 [restartedMain] INFO  org.springframework.orm.jpa.LocalContainerEntityManagerFactoryBean - Initialized JPA EntityManagerFactory for persistence unit 'default'
2026-05-03 21:52:00 [restartedMain] INFO  org.springframework.data.jpa.repository.query.QueryEnhancerFactories - Hibernate is in classpath; If applicable, HQL parser will be used.
2026-05-03 21:52:02 [restartedMain] INFO  org.apache.coyote.http11.Http11NioProtocol - Starting ProtocolHandler ["http-nio-8080"]
2026-05-03 21:52:02 [restartedMain] INFO  org.springframework.boot.tomcat.TomcatWebServer - Tomcat started on port 8080 (http) with context path '/'
2026-05-03 21:52:02 [restartedMain] INFO  com.example.coworking.CoworkingApplication - Started CoworkingApplication in 6.367 seconds (process running for 7.169)
2026-05-03 21:52:07 [http-nio-8080-exec-2] INFO  org.apache.catalina.core.ContainerBase.[Tomcat].[localhost].[/] - Initializing Spring DispatcherServlet 'dispatcherServlet'
2026-05-03 21:52:07 [http-nio-8080-exec-2] INFO  org.springframework.web.servlet.DispatcherServlet - Initializing Servlet 'dispatcherServlet'
2026-05-03 21:52:07 [http-nio-8080-exec-2] INFO  org.springframework.web.servlet.DispatcherServlet - Completed initialization in 2 ms
2026-05-03 21:52:07 [http-nio-8080-exec-2] INFO  com.example.coworking.service.BookingService - Bookings cached: price=201, capacity=1
2026-05-03 21:52:07 [http-nio-8080-exec-2] INFO  com.example.coworking.aspect.ExecutionTimeAspect - Method getUserBookings executed in 157 ms
2026-05-03 21:52:14 [http-nio-8080-exec-3] INFO  com.example.coworking.service.BookingService - Bookings loaded from cache: price=201, capacity=1
2026-05-03 21:52:14 [http-nio-8080-exec-3] INFO  com.example.coworking.aspect.ExecutionTimeAspect - Method getUserBookings executed in 0 ms
2026-05-03 21:53:36 [http-nio-8080-exec-6] INFO  com.example.coworking.service.BookingService - Bookings loaded from cache: price=201, capacity=1
2026-05-03 21:53:36 [http-nio-8080-exec-6] INFO  com.example.coworking.aspect.ExecutionTimeAspect - Method getUserBookings executed in 0 ms
2026-05-03 21:53:37 [http-nio-8080-exec-7] INFO  com.example.coworking.service.BookingService - Bookings loaded from cache: price=201, capacity=1
2026-05-03 21:53:37 [http-nio-8080-exec-7] INFO  com.example.coworking.aspect.ExecutionTimeAspect - Method getUserBookings executed in 0 ms
2026-05-03 21:53:39 [http-nio-8080-exec-8] INFO  com.example.coworking.service.BookingService - Bookings loaded from cache: price=201, capacity=1
2026-05-03 21:53:39 [http-nio-8080-exec-8] INFO  com.example.coworking.aspect.ExecutionTimeAspect - Method getUserBookings executed in 0 ms
2026-05-03 21:53:42 [http-nio-8080-exec-9] INFO  com.example.coworking.service.BookingService - Bookings loaded from cache: price=201, capacity=1
2026-05-03 21:53:42 [http-nio-8080-exec-9] INFO  com.example.coworking.aspect.ExecutionTimeAspect - Method getUserBookings executed in 0 ms
2026-05-03 21:53:53 [http-nio-8080-exec-10] INFO  com.example.coworking.service.BookingService - Bookings loaded from cache: price=201, capacity=1
2026-05-03 21:53:53 [http-nio-8080-exec-10] INFO  com.example.coworking.aspect.ExecutionTimeAspect - Method getUserBookings executed in 1 ms
2026-05-03 21:54:01 [SpringApplicationShutdownHook] INFO  org.springframework.boot.tomcat.GracefulShutdown - Commencing graceful shutdown. Waiting for active requests to complete
2026-05-03 21:54:01 [tomcat-shutdown] INFO  org.springframework.boot.tomcat.GracefulShutdown - Graceful shutdown complete
2026-05-03 21:54:01 [SpringApplicationShutdownHook] INFO  org.springframework.orm.jpa.LocalContainerEntityManagerFactoryBean - Closing JPA EntityManagerFactory for persistence unit 'default'
2026-05-03 21:54:01 [SpringApplicationShutdownHook] INFO  com.zaxxer.hikari.HikariDataSource - HikariPool-1 - Shutdown initiated...
2026-05-03 21:54:01 [SpringApplicationShutdownHook] INFO  com.zaxxer.hikari.HikariDataSource - HikariPool-1 - Shutdown completed.
2026-05-03 22:14:32 [restartedMain] INFO  com.example.coworking.CoworkingApplication - Starting CoworkingApplication using Java 17.0.18 with PID 57396 (/home/serega/IdeaProjects/coworking/target/classes started by serega in /home/serega/IdeaProjects/coworking)
2026-05-03 22:14:32 [restartedMain] INFO  com.example.coworking.CoworkingApplication - No active profile set, falling back to 1 default profile: "default"
2026-05-03 22:14:32 [restartedMain] INFO  org.springframework.boot.devtools.env.DevToolsPropertyDefaultsPostProcessor - Devtools property defaults active! Set 'spring.devtools.add-properties' to 'false' to disable
2026-05-03 22:14:32 [restartedMain] INFO  org.springframework.boot.devtools.env.DevToolsPropertyDefaultsPostProcessor - For additional web related logging consider setting the 'logging.level.web' property to 'DEBUG'
2026-05-03 22:14:32 [background-preinit] INFO  org.hibernate.validator.internal.util.Version - HV000001: Hibernate Validator 9.0.1.Final
2026-05-03 22:14:32 [restartedMain] INFO  org.springframework.data.repository.config.RepositoryConfigurationDelegate - Bootstrapping Spring Data JPA repositories in DEFAULT mode.
2026-05-03 22:14:33 [restartedMain] INFO  org.springframework.data.repository.config.RepositoryConfigurationDelegate - Finished Spring Data repository scanning in 47 ms. Found 5 JPA repository interfaces.
2026-05-03 22:14:33 [restartedMain] INFO  org.springframework.boot.tomcat.TomcatWebServer - Tomcat initialized with port 8080 (http)
2026-05-03 22:14:33 [restartedMain] INFO  org.apache.coyote.http11.Http11NioProtocol - Initializing ProtocolHandler ["http-nio-8080"]
2026-05-03 22:14:33 [restartedMain] INFO  org.apache.catalina.core.StandardService - Starting service [Tomcat]
2026-05-03 22:14:33 [restartedMain] INFO  org.apache.catalina.core.StandardEngine - Starting Servlet engine: [Apache Tomcat/11.0.18]
2026-05-03 22:14:33 [restartedMain] INFO  org.springframework.boot.web.context.servlet.WebApplicationContextInitializer - Root WebApplicationContext: initialization completed in 1366 ms
2026-05-03 22:14:33 [restartedMain] INFO  org.hibernate.orm.jpa - HHH008540: Processing PersistenceUnitInfo [name: default]
2026-05-03 22:14:33 [restartedMain] INFO  org.hibernate.orm.core - HHH000001: Hibernate ORM core version 7.2.4.Final
2026-05-03 22:14:34 [restartedMain] INFO  org.springframework.orm.jpa.persistenceunit.SpringPersistenceUnitInfo - No LoadTimeWeaver setup: ignoring JPA class transformer
2026-05-03 22:14:34 [restartedMain] INFO  com.zaxxer.hikari.HikariDataSource - HikariPool-1 - Starting...
2026-05-03 22:14:34 [restartedMain] INFO  com.zaxxer.hikari.pool.HikariPool - HikariPool-1 - Added connection org.postgresql.jdbc.PgConnection@76caff4e
2026-05-03 22:14:34 [restartedMain] INFO  com.zaxxer.hikari.HikariDataSource - HikariPool-1 - Start completed.
2026-05-03 22:14:34 [restartedMain] INFO  org.hibernate.orm.connections.pooling - HHH10001005: Database info:
	Database JDBC URL [jdbc:postgresql://localhost:5432/coworkingsdb]
	Database driver: PostgreSQL JDBC Driver
	Database dialect: PostgreSQLDialect
	Database version: 18.3
	Default catalog/schema: coworkingsdb/public
	Autocommit mode: undefined/unknown
	Isolation level: READ_COMMITTED [default READ_COMMITTED]
	JDBC fetch size: none
	Pool: DataSourceConnectionProvider
	Minimum pool size: undefined/unknown
	Maximum pool size: undefined/unknown
2026-05-03 22:14:35 [restartedMain] INFO  org.hibernate.orm.core - HHH000489: No JTA platform available (set 'hibernate.transaction.jta.platform' to enable JTA platform integration)
2026-05-03 22:14:35 [restartedMain] INFO  org.springframework.orm.jpa.LocalContainerEntityManagerFactoryBean - Initialized JPA EntityManagerFactory for persistence unit 'default'
2026-05-03 22:14:35 [restartedMain] INFO  org.springframework.data.jpa.repository.query.QueryEnhancerFactories - Hibernate is in classpath; If applicable, HQL parser will be used.
2026-05-03 22:14:37 [restartedMain] INFO  org.apache.coyote.http11.Http11NioProtocol - Starting ProtocolHandler ["http-nio-8080"]
2026-05-03 22:14:37 [restartedMain] INFO  org.springframework.boot.tomcat.TomcatWebServer - Tomcat started on port 8080 (http) with context path '/'
2026-05-03 22:14:37 [restartedMain] INFO  com.example.coworking.CoworkingApplication - Started CoworkingApplication in 5.892 seconds (process running for 6.871)
2026-05-03 22:16:32 [http-nio-8080-exec-1] INFO  org.apache.catalina.core.ContainerBase.[Tomcat].[localhost].[/] - Initializing Spring DispatcherServlet 'dispatcherServlet'
2026-05-03 22:16:32 [http-nio-8080-exec-1] INFO  org.springframework.web.servlet.DispatcherServlet - Initializing Servlet 'dispatcherServlet'
2026-05-03 22:16:32 [http-nio-8080-exec-1] INFO  org.springframework.web.servlet.DispatcherServlet - Completed initialization in 2 ms
2026-05-03 22:16:33 [http-nio-8080-exec-9] INFO  org.springdoc.api.AbstractOpenApiResource - Init duration for springdoc-openapi is: 911 ms
2026-05-03 22:18:16 [File Watcher] INFO  org.springframework.boot.devtools.autoconfigure.LocalDevToolsAutoConfiguration$RestartingClassPathChangeChangedEventListener - Restarting due to 2 class path changes (0 additions, 2 deletions, 0 modifications)
2026-05-03 22:18:16 [Thread-1] INFO  org.springframework.boot.tomcat.GracefulShutdown - Commencing graceful shutdown. Waiting for active requests to complete
2026-05-03 22:18:16 [tomcat-shutdown] INFO  org.apache.coyote.http11.Http11NioProtocol - Pausing ProtocolHandler ["http-nio-8080"]
2026-05-03 22:18:16 [tomcat-shutdown] INFO  org.springframework.boot.tomcat.GracefulShutdown - Graceful shutdown complete
2026-05-03 22:18:16 [Thread-1] INFO  org.apache.coyote.http11.Http11NioProtocol - Stopping ProtocolHandler ["http-nio-8080"]
2026-05-03 22:18:16 [Thread-1] INFO  org.springframework.orm.jpa.LocalContainerEntityManagerFactoryBean - Closing JPA EntityManagerFactory for persistence unit 'default'
2026-05-03 22:18:16 [Thread-1] INFO  com.zaxxer.hikari.HikariDataSource - HikariPool-1 - Shutdown initiated...
2026-05-03 22:18:16 [Thread-1] INFO  com.zaxxer.hikari.HikariDataSource - HikariPool-1 - Shutdown completed.
2026-05-03 22:18:16 [restartedMain] INFO  com.example.coworking.CoworkingApplication - Starting CoworkingApplication using Java 17.0.18 with PID 57396 (/home/serega/IdeaProjects/coworking/target/classes started by serega in /home/serega/IdeaProjects/coworking)
2026-05-03 22:18:16 [restartedMain] INFO  com.example.coworking.CoworkingApplication - No active profile set, falling back to 1 default profile: "default"
2026-05-03 22:18:16 [restartedMain] INFO  org.springframework.data.repository.config.RepositoryConfigurationDelegate - Bootstrapping Spring Data JPA repositories in DEFAULT mode.
2026-05-03 22:18:16 [restartedMain] INFO  org.springframework.data.repository.config.RepositoryConfigurationDelegate - Finished Spring Data repository scanning in 19 ms. Found 5 JPA repository interfaces.
2026-05-03 22:18:17 [restartedMain] INFO  org.springframework.boot.tomcat.TomcatWebServer - Tomcat initialized with port 8080 (http)
2026-05-03 22:18:17 [restartedMain] INFO  org.apache.coyote.http11.Http11NioProtocol - Initializing ProtocolHandler ["http-nio-8080"]
2026-05-03 22:18:17 [restartedMain] INFO  org.apache.catalina.core.StandardService - Starting service [Tomcat]
2026-05-03 22:18:17 [restartedMain] INFO  org.apache.catalina.core.StandardEngine - Starting Servlet engine: [Apache Tomcat/11.0.18]
2026-05-03 22:18:17 [restartedMain] INFO  org.springframework.boot.web.context.servlet.WebApplicationContextInitializer - Root WebApplicationContext: initialization completed in 601 ms
2026-05-03 22:18:17 [restartedMain] INFO  org.hibernate.orm.jpa - HHH008540: Processing PersistenceUnitInfo [name: default]
2026-05-03 22:18:17 [restartedMain] INFO  org.springframework.orm.jpa.persistenceunit.SpringPersistenceUnitInfo - No LoadTimeWeaver setup: ignoring JPA class transformer
2026-05-03 22:18:17 [restartedMain] INFO  com.zaxxer.hikari.HikariDataSource - HikariPool-2 - Starting...
2026-05-03 22:18:17 [restartedMain] INFO  com.zaxxer.hikari.pool.HikariPool - HikariPool-2 - Added connection org.postgresql.jdbc.PgConnection@25593bad
2026-05-03 22:18:17 [restartedMain] INFO  com.zaxxer.hikari.HikariDataSource - HikariPool-2 - Start completed.
2026-05-03 22:18:17 [restartedMain] INFO  org.hibernate.orm.connections.pooling - HHH10001005: Database info:
	Database JDBC URL [jdbc:postgresql://localhost:5432/coworkingsdb]
	Database driver: PostgreSQL JDBC Driver
	Database dialect: PostgreSQLDialect
	Database version: 18.3
	Default catalog/schema: coworkingsdb/public
	Autocommit mode: undefined/unknown
	Isolation level: READ_COMMITTED [default READ_COMMITTED]
	JDBC fetch size: none
	Pool: DataSourceConnectionProvider
	Minimum pool size: undefined/unknown
	Maximum pool size: undefined/unknown
2026-05-03 22:18:17 [restartedMain] INFO  org.hibernate.orm.core - HHH000489: No JTA platform available (set 'hibernate.transaction.jta.platform' to enable JTA platform integration)
2026-05-03 22:18:17 [restartedMain] INFO  org.springframework.orm.jpa.LocalContainerEntityManagerFactoryBean - Initialized JPA EntityManagerFactory for persistence unit 'default'
2026-05-03 22:18:18 [restartedMain] INFO  org.apache.coyote.http11.Http11NioProtocol - Starting ProtocolHandler ["http-nio-8080"]
2026-05-03 22:18:18 [restartedMain] INFO  org.springframework.boot.tomcat.TomcatWebServer - Tomcat started on port 8080 (http) with context path '/'
2026-05-03 22:18:18 [restartedMain] INFO  com.example.coworking.CoworkingApplication - Started CoworkingApplication in 2.049 seconds (process running for 227.857)
2026-05-03 22:18:18 [restartedMain] INFO  org.springframework.boot.devtools.autoconfigure.ConditionEvaluationDeltaLoggingListener - Condition evaluation unchanged
2026-05-03 22:18:19 [File Watcher] INFO  org.springframework.boot.devtools.autoconfigure.LocalDevToolsAutoConfiguration$RestartingClassPathChangeChangedEventListener - Restarting due to 2 class path changes (2 additions, 0 deletions, 0 modifications)
2026-05-03 22:18:19 [Thread-5] INFO  org.springframework.boot.tomcat.GracefulShutdown - Commencing graceful shutdown. Waiting for active requests to complete
2026-05-03 22:18:19 [tomcat-shutdown] INFO  org.apache.coyote.http11.Http11NioProtocol - Pausing ProtocolHandler ["http-nio-8080"]
2026-05-03 22:18:19 [tomcat-shutdown] INFO  org.springframework.boot.tomcat.GracefulShutdown - Graceful shutdown complete
2026-05-03 22:18:19 [Thread-5] INFO  org.apache.coyote.http11.Http11NioProtocol - Stopping ProtocolHandler ["http-nio-8080"]
2026-05-03 22:18:19 [Thread-5] INFO  org.springframework.orm.jpa.LocalContainerEntityManagerFactoryBean - Closing JPA EntityManagerFactory for persistence unit 'default'
2026-05-03 22:18:19 [Thread-5] INFO  com.zaxxer.hikari.HikariDataSource - HikariPool-2 - Shutdown initiated...
2026-05-03 22:18:19 [Thread-5] INFO  com.zaxxer.hikari.HikariDataSource - HikariPool-2 - Shutdown completed.
2026-05-03 22:18:19 [restartedMain] INFO  com.example.coworking.CoworkingApplication - Starting CoworkingApplication using Java 17.0.18 with PID 57396 (/home/serega/IdeaProjects/coworking/target/classes started by serega in /home/serega/IdeaProjects/coworking)
2026-05-03 22:18:19 [restartedMain] INFO  com.example.coworking.CoworkingApplication - No active profile set, falling back to 1 default profile: "default"
2026-05-03 22:18:20 [restartedMain] INFO  org.springframework.data.repository.config.RepositoryConfigurationDelegate - Bootstrapping Spring Data JPA repositories in DEFAULT mode.
2026-05-03 22:18:20 [restartedMain] INFO  org.springframework.data.repository.config.RepositoryConfigurationDelegate - Finished Spring Data repository scanning in 22 ms. Found 5 JPA repository interfaces.
2026-05-03 22:18:20 [restartedMain] INFO  org.springframework.boot.tomcat.TomcatWebServer - Tomcat initialized with port 8080 (http)
2026-05-03 22:18:20 [restartedMain] INFO  org.apache.coyote.http11.Http11NioProtocol - Initializing ProtocolHandler ["http-nio-8080"]
2026-05-03 22:18:20 [restartedMain] INFO  org.apache.catalina.core.StandardService - Starting service [Tomcat]
2026-05-03 22:18:20 [restartedMain] INFO  org.apache.catalina.core.StandardEngine - Starting Servlet engine: [Apache Tomcat/11.0.18]
2026-05-03 22:18:20 [restartedMain] INFO  org.springframework.boot.web.context.servlet.WebApplicationContextInitializer - Root WebApplicationContext: initialization completed in 445 ms
2026-05-03 22:18:20 [restartedMain] INFO  org.hibernate.orm.jpa - HHH008540: Processing PersistenceUnitInfo [name: default]
2026-05-03 22:18:20 [restartedMain] INFO  org.springframework.orm.jpa.persistenceunit.SpringPersistenceUnitInfo - No LoadTimeWeaver setup: ignoring JPA class transformer
2026-05-03 22:18:20 [restartedMain] INFO  com.zaxxer.hikari.HikariDataSource - HikariPool-3 - Starting...
2026-05-03 22:18:20 [restartedMain] INFO  com.zaxxer.hikari.pool.HikariPool - HikariPool-3 - Added connection org.postgresql.jdbc.PgConnection@681e29fa
2026-05-03 22:18:20 [restartedMain] INFO  com.zaxxer.hikari.HikariDataSource - HikariPool-3 - Start completed.
2026-05-03 22:18:20 [restartedMain] INFO  org.hibernate.orm.connections.pooling - HHH10001005: Database info:
	Database JDBC URL [jdbc:postgresql://localhost:5432/coworkingsdb]
	Database driver: PostgreSQL JDBC Driver
	Database dialect: PostgreSQLDialect
	Database version: 18.3
	Default catalog/schema: coworkingsdb/public
	Autocommit mode: undefined/unknown
	Isolation level: READ_COMMITTED [default READ_COMMITTED]
	JDBC fetch size: none
	Pool: DataSourceConnectionProvider
	Minimum pool size: undefined/unknown
	Maximum pool size: undefined/unknown
2026-05-03 22:18:20 [restartedMain] INFO  org.hibernate.orm.core - HHH000489: No JTA platform available (set 'hibernate.transaction.jta.platform' to enable JTA platform integration)
2026-05-03 22:18:20 [restartedMain] INFO  org.springframework.orm.jpa.LocalContainerEntityManagerFactoryBean - Initialized JPA EntityManagerFactory for persistence unit 'default'
2026-05-03 22:18:21 [restartedMain] INFO  org.apache.coyote.http11.Http11NioProtocol - Starting ProtocolHandler ["http-nio-8080"]
2026-05-03 22:18:21 [restartedMain] INFO  org.springframework.boot.tomcat.TomcatWebServer - Tomcat started on port 8080 (http) with context path '/'
2026-05-03 22:18:21 [restartedMain] INFO  com.example.coworking.CoworkingApplication - Started CoworkingApplication in 2.009 seconds (process running for 231.345)
2026-05-03 22:18:21 [restartedMain] INFO  org.springframework.boot.devtools.autoconfigure.ConditionEvaluationDeltaLoggingListener - Condition evaluation unchanged
2026-05-03 22:18:51 [File Watcher] INFO  org.springframework.boot.devtools.autoconfigure.LocalDevToolsAutoConfiguration$RestartingClassPathChangeChangedEventListener - Restarting due to 2 class path changes (0 additions, 2 deletions, 0 modifications)
2026-05-03 22:18:51 [Thread-9] INFO  org.springframework.boot.tomcat.GracefulShutdown - Commencing graceful shutdown. Waiting for active requests to complete
2026-05-03 22:18:51 [tomcat-shutdown] INFO  org.apache.coyote.http11.Http11NioProtocol - Pausing ProtocolHandler ["http-nio-8080"]
2026-05-03 22:18:51 [tomcat-shutdown] INFO  org.springframework.boot.tomcat.GracefulShutdown - Graceful shutdown complete
2026-05-03 22:18:51 [Thread-9] INFO  org.apache.coyote.http11.Http11NioProtocol - Stopping ProtocolHandler ["http-nio-8080"]
2026-05-03 22:18:51 [Thread-9] INFO  org.springframework.orm.jpa.LocalContainerEntityManagerFactoryBean - Closing JPA EntityManagerFactory for persistence unit 'default'
2026-05-03 22:18:51 [Thread-9] INFO  com.zaxxer.hikari.HikariDataSource - HikariPool-3 - Shutdown initiated...
2026-05-03 22:18:51 [Thread-9] INFO  com.zaxxer.hikari.HikariDataSource - HikariPool-3 - Shutdown completed.
2026-05-03 22:18:51 [restartedMain] INFO  com.example.coworking.CoworkingApplication - Starting CoworkingApplication using Java 17.0.18 with PID 57396 (/home/serega/IdeaProjects/coworking/target/classes started by serega in /home/serega/IdeaProjects/coworking)
2026-05-03 22:18:51 [restartedMain] INFO  com.example.coworking.CoworkingApplication - No active profile set, falling back to 1 default profile: "default"
2026-05-03 22:18:51 [restartedMain] INFO  org.springframework.data.repository.config.RepositoryConfigurationDelegate - Bootstrapping Spring Data JPA repositories in DEFAULT mode.
2026-05-03 22:18:51 [restartedMain] INFO  org.springframework.data.repository.config.RepositoryConfigurationDelegate - Finished Spring Data repository scanning in 18 ms. Found 5 JPA repository interfaces.
2026-05-03 22:18:51 [restartedMain] INFO  org.springframework.boot.tomcat.TomcatWebServer - Tomcat initialized with port 8080 (http)
2026-05-03 22:18:51 [restartedMain] INFO  org.apache.coyote.http11.Http11NioProtocol - Initializing ProtocolHandler ["http-nio-8080"]
2026-05-03 22:18:51 [restartedMain] INFO  org.apache.catalina.core.StandardService - Starting service [Tomcat]
2026-05-03 22:18:51 [restartedMain] INFO  org.apache.catalina.core.StandardEngine - Starting Servlet engine: [Apache Tomcat/11.0.18]
2026-05-03 22:18:51 [restartedMain] INFO  org.springframework.boot.web.context.servlet.WebApplicationContextInitializer - Root WebApplicationContext: initialization completed in 506 ms
2026-05-03 22:18:52 [restartedMain] INFO  org.hibernate.orm.jpa - HHH008540: Processing PersistenceUnitInfo [name: default]
2026-05-03 22:18:52 [restartedMain] INFO  org.springframework.orm.jpa.persistenceunit.SpringPersistenceUnitInfo - No LoadTimeWeaver setup: ignoring JPA class transformer
2026-05-03 22:18:52 [restartedMain] INFO  com.zaxxer.hikari.HikariDataSource - HikariPool-4 - Starting...
2026-05-03 22:18:52 [restartedMain] INFO  com.zaxxer.hikari.pool.HikariPool - HikariPool-4 - Added connection org.postgresql.jdbc.PgConnection@16d5a5fb
2026-05-03 22:18:52 [restartedMain] INFO  com.zaxxer.hikari.HikariDataSource - HikariPool-4 - Start completed.
2026-05-03 22:18:52 [restartedMain] INFO  org.hibernate.orm.connections.pooling - HHH10001005: Database info:
	Database JDBC URL [jdbc:postgresql://localhost:5432/coworkingsdb]
	Database driver: PostgreSQL JDBC Driver
	Database dialect: PostgreSQLDialect
	Database version: 18.3
	Default catalog/schema: coworkingsdb/public
	Autocommit mode: undefined/unknown
	Isolation level: READ_COMMITTED [default READ_COMMITTED]
	JDBC fetch size: none
	Pool: DataSourceConnectionProvider
	Minimum pool size: undefined/unknown
	Maximum pool size: undefined/unknown
2026-05-03 22:18:52 [restartedMain] INFO  org.hibernate.orm.core - HHH000489: No JTA platform available (set 'hibernate.transaction.jta.platform' to enable JTA platform integration)
2026-05-03 22:18:52 [restartedMain] INFO  org.springframework.orm.jpa.LocalContainerEntityManagerFactoryBean - Initialized JPA EntityManagerFactory for persistence unit 'default'
2026-05-03 22:18:53 [restartedMain] INFO  org.apache.coyote.http11.Http11NioProtocol - Starting ProtocolHandler ["http-nio-8080"]
2026-05-03 22:18:53 [restartedMain] INFO  org.springframework.boot.tomcat.TomcatWebServer - Tomcat started on port 8080 (http) with context path '/'
2026-05-03 22:18:53 [restartedMain] INFO  com.example.coworking.CoworkingApplication - Started CoworkingApplication in 1.74 seconds (process running for 262.562)
2026-05-03 22:18:53 [restartedMain] INFO  org.springframework.boot.devtools.autoconfigure.ConditionEvaluationDeltaLoggingListener - Condition evaluation unchanged
2026-05-03 22:18:54 [File Watcher] INFO  org.springframework.boot.devtools.autoconfigure.LocalDevToolsAutoConfiguration$RestartingClassPathChangeChangedEventListener - Restarting due to 2 class path changes (2 additions, 0 deletions, 0 modifications)
2026-05-03 22:18:54 [Thread-13] INFO  org.springframework.boot.tomcat.GracefulShutdown - Commencing graceful shutdown. Waiting for active requests to complete
2026-05-03 22:18:54 [tomcat-shutdown] INFO  org.apache.coyote.http11.Http11NioProtocol - Pausing ProtocolHandler ["http-nio-8080"]
2026-05-03 22:18:54 [tomcat-shutdown] INFO  org.springframework.boot.tomcat.GracefulShutdown - Graceful shutdown complete
2026-05-03 22:18:54 [Thread-13] INFO  org.apache.coyote.http11.Http11NioProtocol - Stopping ProtocolHandler ["http-nio-8080"]
2026-05-03 22:18:54 [Thread-13] INFO  org.springframework.orm.jpa.LocalContainerEntityManagerFactoryBean - Closing JPA EntityManagerFactory for persistence unit 'default'
2026-05-03 22:18:54 [Thread-13] INFO  com.zaxxer.hikari.HikariDataSource - HikariPool-4 - Shutdown initiated...
2026-05-03 22:18:54 [Thread-13] INFO  com.zaxxer.hikari.HikariDataSource - HikariPool-4 - Shutdown completed.
2026-05-03 22:18:54 [restartedMain] INFO  com.example.coworking.CoworkingApplication - Starting CoworkingApplication using Java 17.0.18 with PID 57396 (/home/serega/IdeaProjects/coworking/target/classes started by serega in /home/serega/IdeaProjects/coworking)
2026-05-03 22:18:54 [restartedMain] INFO  com.example.coworking.CoworkingApplication - No active profile set, falling back to 1 default profile: "default"
2026-05-03 22:18:54 [restartedMain] INFO  org.springframework.data.repository.config.RepositoryConfigurationDelegate - Bootstrapping Spring Data JPA repositories in DEFAULT mode.
2026-05-03 22:18:54 [restartedMain] INFO  org.springframework.data.repository.config.RepositoryConfigurationDelegate - Finished Spring Data repository scanning in 14 ms. Found 5 JPA repository interfaces.
2026-05-03 22:18:55 [restartedMain] INFO  org.springframework.boot.tomcat.TomcatWebServer - Tomcat initialized with port 8080 (http)
2026-05-03 22:18:55 [restartedMain] INFO  org.apache.coyote.http11.Http11NioProtocol - Initializing ProtocolHandler ["http-nio-8080"]
2026-05-03 22:18:55 [restartedMain] INFO  org.apache.catalina.core.StandardService - Starting service [Tomcat]
2026-05-03 22:18:55 [restartedMain] INFO  org.apache.catalina.core.StandardEngine - Starting Servlet engine: [Apache Tomcat/11.0.18]
2026-05-03 22:18:55 [restartedMain] INFO  org.springframework.boot.web.context.servlet.WebApplicationContextInitializer - Root WebApplicationContext: initialization completed in 514 ms
2026-05-03 22:18:55 [restartedMain] INFO  org.hibernate.orm.jpa - HHH008540: Processing PersistenceUnitInfo [name: default]
2026-05-03 22:18:55 [restartedMain] INFO  org.springframework.orm.jpa.persistenceunit.SpringPersistenceUnitInfo - No LoadTimeWeaver setup: ignoring JPA class transformer
2026-05-03 22:18:55 [restartedMain] INFO  com.zaxxer.hikari.HikariDataSource - HikariPool-5 - Starting...
2026-05-03 22:18:55 [restartedMain] INFO  com.zaxxer.hikari.pool.HikariPool - HikariPool-5 - Added connection org.postgresql.jdbc.PgConnection@bdfb730
2026-05-03 22:18:55 [restartedMain] INFO  com.zaxxer.hikari.HikariDataSource - HikariPool-5 - Start completed.
2026-05-03 22:18:55 [restartedMain] INFO  org.hibernate.orm.connections.pooling - HHH10001005: Database info:
	Database JDBC URL [jdbc:postgresql://localhost:5432/coworkingsdb]
	Database driver: PostgreSQL JDBC Driver
	Database dialect: PostgreSQLDialect
	Database version: 18.3
	Default catalog/schema: coworkingsdb/public
	Autocommit mode: undefined/unknown
	Isolation level: READ_COMMITTED [default READ_COMMITTED]
	JDBC fetch size: none
	Pool: DataSourceConnectionProvider
	Minimum pool size: undefined/unknown
	Maximum pool size: undefined/unknown
2026-05-03 22:18:55 [restartedMain] INFO  org.hibernate.orm.core - HHH000489: No JTA platform available (set 'hibernate.transaction.jta.platform' to enable JTA platform integration)
2026-05-03 22:18:55 [restartedMain] INFO  org.springframework.orm.jpa.LocalContainerEntityManagerFactoryBean - Initialized JPA EntityManagerFactory for persistence unit 'default'
2026-05-03 22:18:56 [restartedMain] INFO  org.apache.coyote.http11.Http11NioProtocol - Starting ProtocolHandler ["http-nio-8080"]
2026-05-03 22:18:56 [restartedMain] INFO  org.springframework.boot.tomcat.TomcatWebServer - Tomcat started on port 8080 (http) with context path '/'
2026-05-03 22:18:56 [restartedMain] INFO  com.example.coworking.CoworkingApplication - Started CoworkingApplication in 1.72 seconds (process running for 265.704)
2026-05-03 22:18:56 [restartedMain] INFO  org.springframework.boot.devtools.autoconfigure.ConditionEvaluationDeltaLoggingListener - Condition evaluation unchanged
2026-05-03 22:20:35 [File Watcher] INFO  org.springframework.boot.devtools.autoconfigure.LocalDevToolsAutoConfiguration$RestartingClassPathChangeChangedEventListener - Restarting due to 2 class path changes (0 additions, 2 deletions, 0 modifications)
2026-05-03 22:20:35 [Thread-17] INFO  org.springframework.boot.tomcat.GracefulShutdown - Commencing graceful shutdown. Waiting for active requests to complete
2026-05-03 22:20:35 [tomcat-shutdown] INFO  org.apache.coyote.http11.Http11NioProtocol - Pausing ProtocolHandler ["http-nio-8080"]
2026-05-03 22:20:35 [tomcat-shutdown] INFO  org.springframework.boot.tomcat.GracefulShutdown - Graceful shutdown complete
2026-05-03 22:20:35 [Thread-17] INFO  org.apache.coyote.http11.Http11NioProtocol - Stopping ProtocolHandler ["http-nio-8080"]
2026-05-03 22:20:35 [Thread-17] INFO  org.springframework.orm.jpa.LocalContainerEntityManagerFactoryBean - Closing JPA EntityManagerFactory for persistence unit 'default'
2026-05-03 22:20:35 [Thread-17] INFO  com.zaxxer.hikari.HikariDataSource - HikariPool-5 - Shutdown initiated...
2026-05-03 22:20:35 [Thread-17] INFO  com.zaxxer.hikari.HikariDataSource - HikariPool-5 - Shutdown completed.
2026-05-03 22:20:36 [restartedMain] INFO  com.example.coworking.CoworkingApplication - Starting CoworkingApplication using Java 17.0.18 with PID 57396 (/home/serega/IdeaProjects/coworking/target/classes started by serega in /home/serega/IdeaProjects/coworking)
2026-05-03 22:20:36 [restartedMain] INFO  com.example.coworking.CoworkingApplication - No active profile set, falling back to 1 default profile: "default"
2026-05-03 22:20:36 [restartedMain] INFO  org.springframework.data.repository.config.RepositoryConfigurationDelegate - Bootstrapping Spring Data JPA repositories in DEFAULT mode.
2026-05-03 22:20:36 [restartedMain] INFO  org.springframework.data.repository.config.RepositoryConfigurationDelegate - Finished Spring Data repository scanning in 24 ms. Found 5 JPA repository interfaces.
2026-05-03 22:20:36 [restartedMain] INFO  org.springframework.boot.tomcat.TomcatWebServer - Tomcat initialized with port 8080 (http)
2026-05-03 22:20:36 [restartedMain] INFO  org.apache.coyote.http11.Http11NioProtocol - Initializing ProtocolHandler ["http-nio-8080"]
2026-05-03 22:20:36 [restartedMain] INFO  org.apache.catalina.core.StandardService - Starting service [Tomcat]
2026-05-03 22:20:36 [restartedMain] INFO  org.apache.catalina.core.StandardEngine - Starting Servlet engine: [Apache Tomcat/11.0.18]
2026-05-03 22:20:36 [restartedMain] INFO  org.springframework.boot.web.context.servlet.WebApplicationContextInitializer - Root WebApplicationContext: initialization completed in 558 ms
2026-05-03 22:20:36 [restartedMain] INFO  org.hibernate.orm.jpa - HHH008540: Processing PersistenceUnitInfo [name: default]
2026-05-03 22:20:36 [restartedMain] INFO  org.springframework.orm.jpa.persistenceunit.SpringPersistenceUnitInfo - No LoadTimeWeaver setup: ignoring JPA class transformer
2026-05-03 22:20:36 [restartedMain] INFO  com.zaxxer.hikari.HikariDataSource - HikariPool-6 - Starting...
2026-05-03 22:20:36 [restartedMain] INFO  com.zaxxer.hikari.pool.HikariPool - HikariPool-6 - Added connection org.postgresql.jdbc.PgConnection@7ae05462
2026-05-03 22:20:36 [restartedMain] INFO  com.zaxxer.hikari.HikariDataSource - HikariPool-6 - Start completed.
2026-05-03 22:20:36 [restartedMain] INFO  org.hibernate.orm.connections.pooling - HHH10001005: Database info:
	Database JDBC URL [jdbc:postgresql://localhost:5432/coworkingsdb]
	Database driver: PostgreSQL JDBC Driver
	Database dialect: PostgreSQLDialect
	Database version: 18.3
	Default catalog/schema: coworkingsdb/public
	Autocommit mode: undefined/unknown
	Isolation level: READ_COMMITTED [default READ_COMMITTED]
	JDBC fetch size: none
	Pool: DataSourceConnectionProvider
	Minimum pool size: undefined/unknown
	Maximum pool size: undefined/unknown
2026-05-03 22:20:36 [restartedMain] INFO  org.hibernate.orm.core - HHH000489: No JTA platform available (set 'hibernate.transaction.jta.platform' to enable JTA platform integration)
2026-05-03 22:20:36 [restartedMain] INFO  org.springframework.orm.jpa.LocalContainerEntityManagerFactoryBean - Initialized JPA EntityManagerFactory for persistence unit 'default'
2026-05-03 22:20:37 [restartedMain] INFO  org.apache.coyote.http11.Http11NioProtocol - Starting ProtocolHandler ["http-nio-8080"]
2026-05-03 22:20:37 [restartedMain] INFO  org.springframework.boot.tomcat.TomcatWebServer - Tomcat started on port 8080 (http) with context path '/'
2026-05-03 22:20:37 [restartedMain] INFO  com.example.coworking.CoworkingApplication - Started CoworkingApplication in 1.855 seconds (process running for 367.213)
2026-05-03 22:20:37 [restartedMain] INFO  org.springframework.boot.devtools.autoconfigure.ConditionEvaluationDeltaLoggingListener - Condition evaluation unchanged
2026-05-03 22:20:39 [File Watcher] INFO  org.springframework.boot.devtools.autoconfigure.LocalDevToolsAutoConfiguration$RestartingClassPathChangeChangedEventListener - Restarting due to 2 class path changes (2 additions, 0 deletions, 0 modifications)
2026-05-03 22:20:39 [Thread-21] INFO  org.springframework.boot.tomcat.GracefulShutdown - Commencing graceful shutdown. Waiting for active requests to complete
2026-05-03 22:20:39 [tomcat-shutdown] INFO  org.apache.coyote.http11.Http11NioProtocol - Pausing ProtocolHandler ["http-nio-8080"]
2026-05-03 22:20:39 [tomcat-shutdown] INFO  org.springframework.boot.tomcat.GracefulShutdown - Graceful shutdown complete
2026-05-03 22:20:39 [Thread-21] INFO  org.apache.coyote.http11.Http11NioProtocol - Stopping ProtocolHandler ["http-nio-8080"]
2026-05-03 22:20:39 [Thread-21] INFO  org.springframework.orm.jpa.LocalContainerEntityManagerFactoryBean - Closing JPA EntityManagerFactory for persistence unit 'default'
2026-05-03 22:20:39 [Thread-21] INFO  com.zaxxer.hikari.HikariDataSource - HikariPool-6 - Shutdown initiated...
2026-05-03 22:20:39 [Thread-21] INFO  com.zaxxer.hikari.HikariDataSource - HikariPool-6 - Shutdown completed.
2026-05-03 22:20:39 [restartedMain] INFO  com.example.coworking.CoworkingApplication - Starting CoworkingApplication using Java 17.0.18 with PID 57396 (/home/serega/IdeaProjects/coworking/target/classes started by serega in /home/serega/IdeaProjects/coworking)
2026-05-03 22:20:39 [restartedMain] INFO  com.example.coworking.CoworkingApplication - No active profile set, falling back to 1 default profile: "default"
2026-05-03 22:20:39 [restartedMain] INFO  org.springframework.data.repository.config.RepositoryConfigurationDelegate - Bootstrapping Spring Data JPA repositories in DEFAULT mode.
2026-05-03 22:20:39 [restartedMain] INFO  org.springframework.data.repository.config.RepositoryConfigurationDelegate - Finished Spring Data repository scanning in 17 ms. Found 5 JPA repository interfaces.
2026-05-03 22:20:39 [restartedMain] INFO  org.springframework.boot.tomcat.TomcatWebServer - Tomcat initialized with port 8080 (http)
2026-05-03 22:20:39 [restartedMain] INFO  org.apache.coyote.http11.Http11NioProtocol - Initializing ProtocolHandler ["http-nio-8080"]
2026-05-03 22:20:39 [restartedMain] INFO  org.apache.catalina.core.StandardService - Starting service [Tomcat]
2026-05-03 22:20:39 [restartedMain] INFO  org.apache.catalina.core.StandardEngine - Starting Servlet engine: [Apache Tomcat/11.0.18]
2026-05-03 22:20:39 [restartedMain] INFO  org.springframework.boot.web.context.servlet.WebApplicationContextInitializer - Root WebApplicationContext: initialization completed in 472 ms
2026-05-03 22:20:39 [restartedMain] INFO  org.hibernate.orm.jpa - HHH008540: Processing PersistenceUnitInfo [name: default]
2026-05-03 22:20:39 [restartedMain] INFO  org.springframework.orm.jpa.persistenceunit.SpringPersistenceUnitInfo - No LoadTimeWeaver setup: ignoring JPA class transformer
2026-05-03 22:20:39 [restartedMain] INFO  com.zaxxer.hikari.HikariDataSource - HikariPool-7 - Starting...
2026-05-03 22:20:40 [restartedMain] INFO  com.zaxxer.hikari.pool.HikariPool - HikariPool-7 - Added connection org.postgresql.jdbc.PgConnection@4e0d776d
2026-05-03 22:20:40 [restartedMain] INFO  com.zaxxer.hikari.HikariDataSource - HikariPool-7 - Start completed.
2026-05-03 22:20:40 [restartedMain] INFO  org.hibernate.orm.connections.pooling - HHH10001005: Database info:
	Database JDBC URL [jdbc:postgresql://localhost:5432/coworkingsdb]
	Database driver: PostgreSQL JDBC Driver
	Database dialect: PostgreSQLDialect
	Database version: 18.3
	Default catalog/schema: coworkingsdb/public
	Autocommit mode: undefined/unknown
	Isolation level: READ_COMMITTED [default READ_COMMITTED]
	JDBC fetch size: none
	Pool: DataSourceConnectionProvider
	Minimum pool size: undefined/unknown
	Maximum pool size: undefined/unknown
2026-05-03 22:20:40 [restartedMain] INFO  org.hibernate.orm.core - HHH000489: No JTA platform available (set 'hibernate.transaction.jta.platform' to enable JTA platform integration)
2026-05-03 22:20:40 [restartedMain] INFO  org.springframework.orm.jpa.LocalContainerEntityManagerFactoryBean - Initialized JPA EntityManagerFactory for persistence unit 'default'
2026-05-03 22:20:41 [restartedMain] INFO  org.apache.coyote.http11.Http11NioProtocol - Starting ProtocolHandler ["http-nio-8080"]
2026-05-03 22:20:41 [restartedMain] INFO  org.springframework.boot.tomcat.TomcatWebServer - Tomcat started on port 8080 (http) with context path '/'
2026-05-03 22:20:41 [restartedMain] INFO  com.example.coworking.CoworkingApplication - Started CoworkingApplication in 1.659 seconds (process running for 370.405)
2026-05-03 22:20:41 [restartedMain] INFO  org.springframework.boot.devtools.autoconfigure.ConditionEvaluationDeltaLoggingListener - Condition evaluation unchanged
2026-05-03 22:21:17 [File Watcher] INFO  org.springframework.boot.devtools.autoconfigure.LocalDevToolsAutoConfiguration$RestartingClassPathChangeChangedEventListener - Restarting due to 2 class path changes (0 additions, 2 deletions, 0 modifications)
2026-05-03 22:21:17 [Thread-25] INFO  org.springframework.boot.tomcat.GracefulShutdown - Commencing graceful shutdown. Waiting for active requests to complete
2026-05-03 22:21:17 [tomcat-shutdown] INFO  org.apache.coyote.http11.Http11NioProtocol - Pausing ProtocolHandler ["http-nio-8080"]
2026-05-03 22:21:17 [tomcat-shutdown] INFO  org.springframework.boot.tomcat.GracefulShutdown - Graceful shutdown complete
2026-05-03 22:21:17 [Thread-25] INFO  org.apache.coyote.http11.Http11NioProtocol - Stopping ProtocolHandler ["http-nio-8080"]
2026-05-03 22:21:17 [Thread-25] INFO  org.springframework.orm.jpa.LocalContainerEntityManagerFactoryBean - Closing JPA EntityManagerFactory for persistence unit 'default'
2026-05-03 22:21:17 [Thread-25] INFO  com.zaxxer.hikari.HikariDataSource - HikariPool-7 - Shutdown initiated...
2026-05-03 22:21:17 [Thread-25] INFO  com.zaxxer.hikari.HikariDataSource - HikariPool-7 - Shutdown completed.
2026-05-03 22:21:17 [restartedMain] INFO  com.example.coworking.CoworkingApplication - Starting CoworkingApplication using Java 17.0.18 with PID 57396 (/home/serega/IdeaProjects/coworking/target/classes started by serega in /home/serega/IdeaProjects/coworking)
2026-05-03 22:21:17 [restartedMain] INFO  com.example.coworking.CoworkingApplication - No active profile set, falling back to 1 default profile: "default"
2026-05-03 22:21:17 [restartedMain] INFO  org.springframework.data.repository.config.RepositoryConfigurationDelegate - Bootstrapping Spring Data JPA repositories in DEFAULT mode.
2026-05-03 22:21:17 [restartedMain] INFO  org.springframework.data.repository.config.RepositoryConfigurationDelegate - Finished Spring Data repository scanning in 15 ms. Found 5 JPA repository interfaces.
2026-05-03 22:21:18 [restartedMain] INFO  org.springframework.boot.tomcat.TomcatWebServer - Tomcat initialized with port 8080 (http)
2026-05-03 22:21:18 [restartedMain] INFO  org.apache.coyote.http11.Http11NioProtocol - Initializing ProtocolHandler ["http-nio-8080"]
2026-05-03 22:21:18 [restartedMain] INFO  org.apache.catalina.core.StandardService - Starting service [Tomcat]
2026-05-03 22:21:18 [restartedMain] INFO  org.apache.catalina.core.StandardEngine - Starting Servlet engine: [Apache Tomcat/11.0.18]
2026-05-03 22:21:18 [restartedMain] INFO  org.springframework.boot.web.context.servlet.WebApplicationContextInitializer - Root WebApplicationContext: initialization completed in 459 ms
2026-05-03 22:21:18 [restartedMain] INFO  org.hibernate.orm.jpa - HHH008540: Processing PersistenceUnitInfo [name: default]
2026-05-03 22:21:18 [restartedMain] INFO  org.springframework.orm.jpa.persistenceunit.SpringPersistenceUnitInfo - No LoadTimeWeaver setup: ignoring JPA class transformer
2026-05-03 22:21:18 [restartedMain] INFO  com.zaxxer.hikari.HikariDataSource - HikariPool-8 - Starting...
2026-05-03 22:21:18 [restartedMain] INFO  com.zaxxer.hikari.pool.HikariPool - HikariPool-8 - Added connection org.postgresql.jdbc.PgConnection@706231a9
2026-05-03 22:21:18 [restartedMain] INFO  com.zaxxer.hikari.HikariDataSource - HikariPool-8 - Start completed.
2026-05-03 22:21:18 [restartedMain] INFO  org.hibernate.orm.connections.pooling - HHH10001005: Database info:
	Database JDBC URL [jdbc:postgresql://localhost:5432/coworkingsdb]
	Database driver: PostgreSQL JDBC Driver
	Database dialect: PostgreSQLDialect
	Database version: 18.3
	Default catalog/schema: coworkingsdb/public
	Autocommit mode: undefined/unknown
	Isolation level: READ_COMMITTED [default READ_COMMITTED]
	JDBC fetch size: none
	Pool: DataSourceConnectionProvider
	Minimum pool size: undefined/unknown
	Maximum pool size: undefined/unknown
2026-05-03 22:21:18 [restartedMain] INFO  org.hibernate.orm.core - HHH000489: No JTA platform available (set 'hibernate.transaction.jta.platform' to enable JTA platform integration)
2026-05-03 22:21:18 [restartedMain] INFO  org.springframework.orm.jpa.LocalContainerEntityManagerFactoryBean - Initialized JPA EntityManagerFactory for persistence unit 'default'
2026-05-03 22:21:18 [restartedMain] INFO  org.apache.coyote.http11.Http11NioProtocol - Starting ProtocolHandler ["http-nio-8080"]
2026-05-03 22:21:18 [restartedMain] INFO  org.springframework.boot.tomcat.TomcatWebServer - Tomcat started on port 8080 (http) with context path '/'
2026-05-03 22:21:18 [restartedMain] INFO  com.example.coworking.CoworkingApplication - Started CoworkingApplication in 1.434 seconds (process running for 408.355)
2026-05-03 22:21:18 [restartedMain] INFO  org.springframework.boot.devtools.autoconfigure.ConditionEvaluationDeltaLoggingListener - Condition evaluation unchanged
2026-05-03 22:21:20 [File Watcher] INFO  org.springframework.boot.devtools.autoconfigure.LocalDevToolsAutoConfiguration$RestartingClassPathChangeChangedEventListener - Restarting due to 2 class path changes (2 additions, 0 deletions, 0 modifications)
2026-05-03 22:21:20 [Thread-29] INFO  org.springframework.boot.tomcat.GracefulShutdown - Commencing graceful shutdown. Waiting for active requests to complete
2026-05-03 22:21:20 [tomcat-shutdown] INFO  org.apache.coyote.http11.Http11NioProtocol - Pausing ProtocolHandler ["http-nio-8080"]
2026-05-03 22:21:20 [tomcat-shutdown] INFO  org.springframework.boot.tomcat.GracefulShutdown - Graceful shutdown complete
2026-05-03 22:21:20 [Thread-29] INFO  org.apache.coyote.http11.Http11NioProtocol - Stopping ProtocolHandler ["http-nio-8080"]
2026-05-03 22:21:20 [Thread-29] INFO  org.springframework.orm.jpa.LocalContainerEntityManagerFactoryBean - Closing JPA EntityManagerFactory for persistence unit 'default'
2026-05-03 22:21:20 [Thread-29] INFO  com.zaxxer.hikari.HikariDataSource - HikariPool-8 - Shutdown initiated...
2026-05-03 22:21:20 [Thread-29] INFO  com.zaxxer.hikari.HikariDataSource - HikariPool-8 - Shutdown completed.
2026-05-03 22:21:20 [restartedMain] INFO  com.example.coworking.CoworkingApplication - Starting CoworkingApplication using Java 17.0.18 with PID 57396 (/home/serega/IdeaProjects/coworking/target/classes started by serega in /home/serega/IdeaProjects/coworking)
2026-05-03 22:21:20 [restartedMain] INFO  com.example.coworking.CoworkingApplication - No active profile set, falling back to 1 default profile: "default"
2026-05-03 22:21:20 [restartedMain] INFO  org.springframework.data.repository.config.RepositoryConfigurationDelegate - Bootstrapping Spring Data JPA repositories in DEFAULT mode.
2026-05-03 22:21:20 [restartedMain] INFO  org.springframework.data.repository.config.RepositoryConfigurationDelegate - Finished Spring Data repository scanning in 23 ms. Found 5 JPA repository interfaces.
2026-05-03 22:21:20 [restartedMain] INFO  org.springframework.boot.tomcat.TomcatWebServer - Tomcat initialized with port 8080 (http)
2026-05-03 22:21:20 [restartedMain] INFO  org.apache.coyote.http11.Http11NioProtocol - Initializing ProtocolHandler ["http-nio-8080"]
2026-05-03 22:21:20 [restartedMain] INFO  org.apache.catalina.core.StandardService - Starting service [Tomcat]
2026-05-03 22:21:20 [restartedMain] INFO  org.apache.catalina.core.StandardEngine - Starting Servlet engine: [Apache Tomcat/11.0.18]
2026-05-03 22:21:20 [restartedMain] INFO  org.springframework.boot.web.context.servlet.WebApplicationContextInitializer - Root WebApplicationContext: initialization completed in 332 ms
2026-05-03 22:21:20 [restartedMain] INFO  org.hibernate.orm.jpa - HHH008540: Processing PersistenceUnitInfo [name: default]
2026-05-03 22:21:20 [restartedMain] INFO  org.springframework.orm.jpa.persistenceunit.SpringPersistenceUnitInfo - No LoadTimeWeaver setup: ignoring JPA class transformer
2026-05-03 22:21:20 [restartedMain] INFO  com.zaxxer.hikari.HikariDataSource - HikariPool-9 - Starting...
2026-05-03 22:21:20 [restartedMain] INFO  com.zaxxer.hikari.pool.HikariPool - HikariPool-9 - Added connection org.postgresql.jdbc.PgConnection@22b5c26b
2026-05-03 22:21:20 [restartedMain] INFO  com.zaxxer.hikari.HikariDataSource - HikariPool-9 - Start completed.
2026-05-03 22:21:20 [restartedMain] INFO  org.hibernate.orm.connections.pooling - HHH10001005: Database info:
	Database JDBC URL [jdbc:postgresql://localhost:5432/coworkingsdb]
	Database driver: PostgreSQL JDBC Driver
	Database dialect: PostgreSQLDialect
	Database version: 18.3
	Default catalog/schema: coworkingsdb/public
	Autocommit mode: undefined/unknown
	Isolation level: READ_COMMITTED [default READ_COMMITTED]
	JDBC fetch size: none
	Pool: DataSourceConnectionProvider
	Minimum pool size: undefined/unknown
	Maximum pool size: undefined/unknown
2026-05-03 22:21:20 [restartedMain] INFO  org.hibernate.orm.core - HHH000489: No JTA platform available (set 'hibernate.transaction.jta.platform' to enable JTA platform integration)
2026-05-03 22:21:20 [restartedMain] INFO  org.springframework.orm.jpa.LocalContainerEntityManagerFactoryBean - Initialized JPA EntityManagerFactory for persistence unit 'default'
2026-05-03 22:21:21 [restartedMain] INFO  org.apache.coyote.http11.Http11NioProtocol - Starting ProtocolHandler ["http-nio-8080"]
2026-05-03 22:21:21 [restartedMain] INFO  org.springframework.boot.tomcat.TomcatWebServer - Tomcat started on port 8080 (http) with context path '/'
2026-05-03 22:21:21 [restartedMain] INFO  com.example.coworking.CoworkingApplication - Started CoworkingApplication in 1.175 seconds (process running for 410.991)
2026-05-03 22:21:21 [restartedMain] INFO  org.springframework.boot.devtools.autoconfigure.ConditionEvaluationDeltaLoggingListener - Condition evaluation unchanged
2026-05-03 22:22:18 [File Watcher] INFO  org.springframework.boot.devtools.autoconfigure.LocalDevToolsAutoConfiguration$RestartingClassPathChangeChangedEventListener - Restarting due to 2 class path changes (0 additions, 2 deletions, 0 modifications)
2026-05-03 22:22:18 [Thread-33] INFO  org.springframework.boot.tomcat.GracefulShutdown - Commencing graceful shutdown. Waiting for active requests to complete
2026-05-03 22:22:18 [tomcat-shutdown] INFO  org.apache.coyote.http11.Http11NioProtocol - Pausing ProtocolHandler ["http-nio-8080"]
2026-05-03 22:22:18 [tomcat-shutdown] INFO  org.springframework.boot.tomcat.GracefulShutdown - Graceful shutdown complete
2026-05-03 22:22:18 [Thread-33] INFO  org.apache.coyote.http11.Http11NioProtocol - Stopping ProtocolHandler ["http-nio-8080"]
2026-05-03 22:22:18 [Thread-33] INFO  org.springframework.orm.jpa.LocalContainerEntityManagerFactoryBean - Closing JPA EntityManagerFactory for persistence unit 'default'
2026-05-03 22:22:18 [Thread-33] INFO  com.zaxxer.hikari.HikariDataSource - HikariPool-9 - Shutdown initiated...
2026-05-03 22:22:18 [Thread-33] INFO  com.zaxxer.hikari.HikariDataSource - HikariPool-9 - Shutdown completed.
2026-05-03 22:22:18 [restartedMain] INFO  com.example.coworking.CoworkingApplication - Starting CoworkingApplication using Java 17.0.18 with PID 57396 (/home/serega/IdeaProjects/coworking/target/classes started by serega in /home/serega/IdeaProjects/coworking)
2026-05-03 22:22:18 [restartedMain] INFO  com.example.coworking.CoworkingApplication - No active profile set, falling back to 1 default profile: "default"
2026-05-03 22:22:18 [restartedMain] INFO  org.springframework.data.repository.config.RepositoryConfigurationDelegate - Bootstrapping Spring Data JPA repositories in DEFAULT mode.
2026-05-03 22:22:18 [restartedMain] INFO  org.springframework.data.repository.config.RepositoryConfigurationDelegate - Finished Spring Data repository scanning in 23 ms. Found 5 JPA repository interfaces.
2026-05-03 22:22:18 [restartedMain] INFO  org.springframework.boot.tomcat.TomcatWebServer - Tomcat initialized with port 8080 (http)
2026-05-03 22:22:18 [restartedMain] INFO  org.apache.coyote.http11.Http11NioProtocol - Initializing ProtocolHandler ["http-nio-8080"]
2026-05-03 22:22:18 [restartedMain] INFO  org.apache.catalina.core.StandardService - Starting service [Tomcat]
2026-05-03 22:22:18 [restartedMain] INFO  org.apache.catalina.core.StandardEngine - Starting Servlet engine: [Apache Tomcat/11.0.18]
2026-05-03 22:22:18 [restartedMain] INFO  org.springframework.boot.web.context.servlet.WebApplicationContextInitializer - Root WebApplicationContext: initialization completed in 617 ms
2026-05-03 22:22:18 [restartedMain] INFO  org.hibernate.orm.jpa - HHH008540: Processing PersistenceUnitInfo [name: default]
2026-05-03 22:22:18 [restartedMain] INFO  org.springframework.orm.jpa.persistenceunit.SpringPersistenceUnitInfo - No LoadTimeWeaver setup: ignoring JPA class transformer
2026-05-03 22:22:18 [restartedMain] INFO  com.zaxxer.hikari.HikariDataSource - HikariPool-10 - Starting...
2026-05-03 22:22:19 [restartedMain] INFO  com.zaxxer.hikari.pool.HikariPool - HikariPool-10 - Added connection org.postgresql.jdbc.PgConnection@2f427ca7
2026-05-03 22:22:19 [restartedMain] INFO  com.zaxxer.hikari.HikariDataSource - HikariPool-10 - Start completed.
2026-05-03 22:22:19 [restartedMain] INFO  org.hibernate.orm.connections.pooling - HHH10001005: Database info:
	Database JDBC URL [jdbc:postgresql://localhost:5432/coworkingsdb]
	Database driver: PostgreSQL JDBC Driver
	Database dialect: PostgreSQLDialect
	Database version: 18.3
	Default catalog/schema: coworkingsdb/public
	Autocommit mode: undefined/unknown
	Isolation level: READ_COMMITTED [default READ_COMMITTED]
	JDBC fetch size: none
	Pool: DataSourceConnectionProvider
	Minimum pool size: undefined/unknown
	Maximum pool size: undefined/unknown
2026-05-03 22:22:19 [restartedMain] INFO  org.hibernate.orm.core - HHH000489: No JTA platform available (set 'hibernate.transaction.jta.platform' to enable JTA platform integration)
2026-05-03 22:22:19 [restartedMain] INFO  org.springframework.orm.jpa.LocalContainerEntityManagerFactoryBean - Initialized JPA EntityManagerFactory for persistence unit 'default'
2026-05-03 22:22:20 [restartedMain] INFO  org.apache.coyote.http11.Http11NioProtocol - Starting ProtocolHandler ["http-nio-8080"]
2026-05-03 22:22:20 [restartedMain] INFO  org.springframework.boot.tomcat.TomcatWebServer - Tomcat started on port 8080 (http) with context path '/'
2026-05-03 22:22:20 [restartedMain] INFO  com.example.coworking.CoworkingApplication - Started CoworkingApplication in 2.083 seconds (process running for 469.655)
2026-05-03 22:22:20 [restartedMain] INFO  org.springframework.boot.devtools.autoconfigure.ConditionEvaluationDeltaLoggingListener - Condition evaluation unchanged
2026-05-03 22:22:21 [File Watcher] INFO  org.springframework.boot.devtools.autoconfigure.LocalDevToolsAutoConfiguration$RestartingClassPathChangeChangedEventListener - Restarting due to 2 class path changes (2 additions, 0 deletions, 0 modifications)
2026-05-03 22:22:21 [Thread-37] INFO  org.springframework.boot.tomcat.GracefulShutdown - Commencing graceful shutdown. Waiting for active requests to complete
2026-05-03 22:22:21 [tomcat-shutdown] INFO  org.apache.coyote.http11.Http11NioProtocol - Pausing ProtocolHandler ["http-nio-8080"]
2026-05-03 22:22:21 [tomcat-shutdown] INFO  org.springframework.boot.tomcat.GracefulShutdown - Graceful shutdown complete
2026-05-03 22:22:21 [Thread-37] INFO  org.apache.coyote.http11.Http11NioProtocol - Stopping ProtocolHandler ["http-nio-8080"]
2026-05-03 22:22:21 [Thread-37] INFO  org.springframework.orm.jpa.LocalContainerEntityManagerFactoryBean - Closing JPA EntityManagerFactory for persistence unit 'default'
2026-05-03 22:22:21 [Thread-37] INFO  com.zaxxer.hikari.HikariDataSource - HikariPool-10 - Shutdown initiated...
2026-05-03 22:22:21 [Thread-37] INFO  com.zaxxer.hikari.HikariDataSource - HikariPool-10 - Shutdown completed.
2026-05-03 22:22:21 [restartedMain] INFO  com.example.coworking.CoworkingApplication - Starting CoworkingApplication using Java 17.0.18 with PID 57396 (/home/serega/IdeaProjects/coworking/target/classes started by serega in /home/serega/IdeaProjects/coworking)
2026-05-03 22:22:21 [restartedMain] INFO  com.example.coworking.CoworkingApplication - No active profile set, falling back to 1 default profile: "default"
2026-05-03 22:22:21 [restartedMain] INFO  org.springframework.data.repository.config.RepositoryConfigurationDelegate - Bootstrapping Spring Data JPA repositories in DEFAULT mode.
2026-05-03 22:22:21 [restartedMain] INFO  org.springframework.data.repository.config.RepositoryConfigurationDelegate - Finished Spring Data repository scanning in 12 ms. Found 5 JPA repository interfaces.
2026-05-03 22:22:22 [restartedMain] INFO  org.springframework.boot.tomcat.TomcatWebServer - Tomcat initialized with port 8080 (http)
2026-05-03 22:22:22 [restartedMain] INFO  org.apache.coyote.http11.Http11NioProtocol - Initializing ProtocolHandler ["http-nio-8080"]
2026-05-03 22:22:22 [restartedMain] INFO  org.apache.catalina.core.StandardService - Starting service [Tomcat]
2026-05-03 22:22:22 [restartedMain] INFO  org.apache.catalina.core.StandardEngine - Starting Servlet engine: [Apache Tomcat/11.0.18]
2026-05-03 22:22:22 [restartedMain] INFO  org.springframework.boot.web.context.servlet.WebApplicationContextInitializer - Root WebApplicationContext: initialization completed in 325 ms
2026-05-03 22:22:22 [restartedMain] INFO  org.hibernate.orm.jpa - HHH008540: Processing PersistenceUnitInfo [name: default]
2026-05-03 22:22:22 [restartedMain] INFO  org.springframework.orm.jpa.persistenceunit.SpringPersistenceUnitInfo - No LoadTimeWeaver setup: ignoring JPA class transformer
2026-05-03 22:22:22 [restartedMain] INFO  com.zaxxer.hikari.HikariDataSource - HikariPool-11 - Starting...
2026-05-03 22:22:22 [restartedMain] INFO  com.zaxxer.hikari.pool.HikariPool - HikariPool-11 - Added connection org.postgresql.jdbc.PgConnection@34c20f77
2026-05-03 22:22:22 [restartedMain] INFO  com.zaxxer.hikari.HikariDataSource - HikariPool-11 - Start completed.
2026-05-03 22:22:22 [restartedMain] INFO  org.hibernate.orm.connections.pooling - HHH10001005: Database info:
	Database JDBC URL [jdbc:postgresql://localhost:5432/coworkingsdb]
	Database driver: PostgreSQL JDBC Driver
	Database dialect: PostgreSQLDialect
	Database version: 18.3
	Default catalog/schema: coworkingsdb/public
	Autocommit mode: undefined/unknown
	Isolation level: READ_COMMITTED [default READ_COMMITTED]
	JDBC fetch size: none
	Pool: DataSourceConnectionProvider
	Minimum pool size: undefined/unknown
	Maximum pool size: undefined/unknown
2026-05-03 22:22:22 [restartedMain] INFO  org.hibernate.orm.core - HHH000489: No JTA platform available (set 'hibernate.transaction.jta.platform' to enable JTA platform integration)
2026-05-03 22:22:22 [restartedMain] INFO  org.springframework.orm.jpa.LocalContainerEntityManagerFactoryBean - Initialized JPA EntityManagerFactory for persistence unit 'default'
2026-05-03 22:22:22 [restartedMain] INFO  org.apache.coyote.http11.Http11NioProtocol - Starting ProtocolHandler ["http-nio-8080"]
2026-05-03 22:22:22 [restartedMain] INFO  org.springframework.boot.tomcat.TomcatWebServer - Tomcat started on port 8080 (http) with context path '/'
2026-05-03 22:22:22 [restartedMain] INFO  com.example.coworking.CoworkingApplication - Started CoworkingApplication in 1.242 seconds (process running for 472.379)
2026-05-03 22:22:22 [restartedMain] INFO  org.springframework.boot.devtools.autoconfigure.ConditionEvaluationDeltaLoggingListener - Condition evaluation unchanged
2026-05-03 22:23:09 [File Watcher] INFO  org.springframework.boot.devtools.autoconfigure.LocalDevToolsAutoConfiguration$RestartingClassPathChangeChangedEventListener - Restarting due to 2 class path changes (0 additions, 2 deletions, 0 modifications)
2026-05-03 22:23:09 [Thread-41] INFO  org.springframework.boot.tomcat.GracefulShutdown - Commencing graceful shutdown. Waiting for active requests to complete
2026-05-03 22:23:09 [tomcat-shutdown] INFO  org.apache.coyote.http11.Http11NioProtocol - Pausing ProtocolHandler ["http-nio-8080"]
2026-05-03 22:23:09 [tomcat-shutdown] INFO  org.springframework.boot.tomcat.GracefulShutdown - Graceful shutdown complete
2026-05-03 22:23:09 [Thread-41] INFO  org.apache.coyote.http11.Http11NioProtocol - Stopping ProtocolHandler ["http-nio-8080"]
2026-05-03 22:23:09 [Thread-41] INFO  org.springframework.orm.jpa.LocalContainerEntityManagerFactoryBean - Closing JPA EntityManagerFactory for persistence unit 'default'
2026-05-03 22:23:09 [Thread-41] INFO  com.zaxxer.hikari.HikariDataSource - HikariPool-11 - Shutdown initiated...
2026-05-03 22:23:09 [Thread-41] INFO  com.zaxxer.hikari.HikariDataSource - HikariPool-11 - Shutdown completed.
2026-05-03 22:23:09 [restartedMain] INFO  com.example.coworking.CoworkingApplication - Starting CoworkingApplication using Java 17.0.18 with PID 57396 (/home/serega/IdeaProjects/coworking/target/classes started by serega in /home/serega/IdeaProjects/coworking)
2026-05-03 22:23:09 [restartedMain] INFO  com.example.coworking.CoworkingApplication - No active profile set, falling back to 1 default profile: "default"
2026-05-03 22:23:09 [restartedMain] INFO  org.springframework.data.repository.config.RepositoryConfigurationDelegate - Bootstrapping Spring Data JPA repositories in DEFAULT mode.
2026-05-03 22:23:09 [restartedMain] INFO  org.springframework.data.repository.config.RepositoryConfigurationDelegate - Finished Spring Data repository scanning in 14 ms. Found 5 JPA repository interfaces.
2026-05-03 22:23:10 [restartedMain] INFO  org.springframework.boot.tomcat.TomcatWebServer - Tomcat initialized with port 8080 (http)
2026-05-03 22:23:10 [restartedMain] INFO  org.apache.coyote.http11.Http11NioProtocol - Initializing ProtocolHandler ["http-nio-8080"]
2026-05-03 22:23:10 [restartedMain] INFO  org.apache.catalina.core.StandardService - Starting service [Tomcat]
2026-05-03 22:23:10 [restartedMain] INFO  org.apache.catalina.core.StandardEngine - Starting Servlet engine: [Apache Tomcat/11.0.18]
2026-05-03 22:23:10 [restartedMain] INFO  org.springframework.boot.web.context.servlet.WebApplicationContextInitializer - Root WebApplicationContext: initialization completed in 451 ms
2026-05-03 22:23:10 [restartedMain] INFO  org.hibernate.orm.jpa - HHH008540: Processing PersistenceUnitInfo [name: default]
2026-05-03 22:23:10 [restartedMain] INFO  org.springframework.orm.jpa.persistenceunit.SpringPersistenceUnitInfo - No LoadTimeWeaver setup: ignoring JPA class transformer
2026-05-03 22:23:10 [restartedMain] INFO  com.zaxxer.hikari.HikariDataSource - HikariPool-12 - Starting...
2026-05-03 22:23:10 [restartedMain] INFO  com.zaxxer.hikari.pool.HikariPool - HikariPool-12 - Added connection org.postgresql.jdbc.PgConnection@5d4b18a1
2026-05-03 22:23:10 [restartedMain] INFO  com.zaxxer.hikari.HikariDataSource - HikariPool-12 - Start completed.
2026-05-03 22:23:10 [restartedMain] INFO  org.hibernate.orm.connections.pooling - HHH10001005: Database info:
	Database JDBC URL [jdbc:postgresql://localhost:5432/coworkingsdb]
	Database driver: PostgreSQL JDBC Driver
	Database dialect: PostgreSQLDialect
	Database version: 18.3
	Default catalog/schema: coworkingsdb/public
	Autocommit mode: undefined/unknown
	Isolation level: READ_COMMITTED [default READ_COMMITTED]
	JDBC fetch size: none
	Pool: DataSourceConnectionProvider
	Minimum pool size: undefined/unknown
	Maximum pool size: undefined/unknown
2026-05-03 22:23:10 [restartedMain] INFO  org.hibernate.orm.core - HHH000489: No JTA platform available (set 'hibernate.transaction.jta.platform' to enable JTA platform integration)
2026-05-03 22:23:10 [restartedMain] INFO  org.springframework.orm.jpa.LocalContainerEntityManagerFactoryBean - Initialized JPA EntityManagerFactory for persistence unit 'default'
2026-05-03 22:23:11 [restartedMain] INFO  org.apache.coyote.http11.Http11NioProtocol - Starting ProtocolHandler ["http-nio-8080"]
2026-05-03 22:23:11 [restartedMain] INFO  org.springframework.boot.tomcat.TomcatWebServer - Tomcat started on port 8080 (http) with context path '/'
2026-05-03 22:23:11 [restartedMain] INFO  com.example.coworking.CoworkingApplication - Started CoworkingApplication in 1.713 seconds (process running for 520.631)
2026-05-03 22:23:11 [restartedMain] INFO  org.springframework.boot.devtools.autoconfigure.ConditionEvaluationDeltaLoggingListener - Condition evaluation unchanged
2026-05-03 22:23:12 [File Watcher] INFO  org.springframework.boot.devtools.autoconfigure.LocalDevToolsAutoConfiguration$RestartingClassPathChangeChangedEventListener - Restarting due to 2 class path changes (2 additions, 0 deletions, 0 modifications)
2026-05-03 22:23:12 [Thread-45] INFO  org.springframework.boot.tomcat.GracefulShutdown - Commencing graceful shutdown. Waiting for active requests to complete
2026-05-03 22:23:12 [tomcat-shutdown] INFO  org.apache.coyote.http11.Http11NioProtocol - Pausing ProtocolHandler ["http-nio-8080"]
2026-05-03 22:23:12 [tomcat-shutdown] INFO  org.springframework.boot.tomcat.GracefulShutdown - Graceful shutdown complete
2026-05-03 22:23:12 [Thread-45] INFO  org.apache.coyote.http11.Http11NioProtocol - Stopping ProtocolHandler ["http-nio-8080"]
2026-05-03 22:23:12 [Thread-45] INFO  org.springframework.orm.jpa.LocalContainerEntityManagerFactoryBean - Closing JPA EntityManagerFactory for persistence unit 'default'
2026-05-03 22:23:12 [Thread-45] INFO  com.zaxxer.hikari.HikariDataSource - HikariPool-12 - Shutdown initiated...
2026-05-03 22:23:12 [Thread-45] INFO  com.zaxxer.hikari.HikariDataSource - HikariPool-12 - Shutdown completed.
2026-05-03 22:23:12 [restartedMain] INFO  com.example.coworking.CoworkingApplication - Starting CoworkingApplication using Java 17.0.18 with PID 57396 (/home/serega/IdeaProjects/coworking/target/classes started by serega in /home/serega/IdeaProjects/coworking)
2026-05-03 22:23:12 [restartedMain] INFO  com.example.coworking.CoworkingApplication - No active profile set, falling back to 1 default profile: "default"
2026-05-03 22:23:13 [restartedMain] INFO  org.springframework.data.repository.config.RepositoryConfigurationDelegate - Bootstrapping Spring Data JPA repositories in DEFAULT mode.
2026-05-03 22:23:13 [restartedMain] INFO  org.springframework.data.repository.config.RepositoryConfigurationDelegate - Finished Spring Data repository scanning in 15 ms. Found 5 JPA repository interfaces.
2026-05-03 22:23:13 [restartedMain] INFO  org.springframework.boot.tomcat.TomcatWebServer - Tomcat initialized with port 8080 (http)
2026-05-03 22:23:13 [restartedMain] INFO  org.apache.coyote.http11.Http11NioProtocol - Initializing ProtocolHandler ["http-nio-8080"]
2026-05-03 22:23:13 [restartedMain] INFO  org.apache.catalina.core.StandardService - Starting service [Tomcat]
2026-05-03 22:23:13 [restartedMain] INFO  org.apache.catalina.core.StandardEngine - Starting Servlet engine: [Apache Tomcat/11.0.18]
2026-05-03 22:23:13 [restartedMain] INFO  org.springframework.boot.web.context.servlet.WebApplicationContextInitializer - Root WebApplicationContext: initialization completed in 394 ms
2026-05-03 22:23:13 [restartedMain] INFO  org.hibernate.orm.jpa - HHH008540: Processing PersistenceUnitInfo [name: default]
2026-05-03 22:23:13 [restartedMain] INFO  org.springframework.orm.jpa.persistenceunit.SpringPersistenceUnitInfo - No LoadTimeWeaver setup: ignoring JPA class transformer
2026-05-03 22:23:13 [restartedMain] INFO  com.zaxxer.hikari.HikariDataSource - HikariPool-13 - Starting...
2026-05-03 22:23:13 [restartedMain] INFO  com.zaxxer.hikari.pool.HikariPool - HikariPool-13 - Added connection org.postgresql.jdbc.PgConnection@362b2d7
2026-05-03 22:23:13 [restartedMain] INFO  com.zaxxer.hikari.HikariDataSource - HikariPool-13 - Start completed.
2026-05-03 22:23:13 [restartedMain] INFO  org.hibernate.orm.connections.pooling - HHH10001005: Database info:
	Database JDBC URL [jdbc:postgresql://localhost:5432/coworkingsdb]
	Database driver: PostgreSQL JDBC Driver
	Database dialect: PostgreSQLDialect
	Database version: 18.3
	Default catalog/schema: coworkingsdb/public
	Autocommit mode: undefined/unknown
	Isolation level: READ_COMMITTED [default READ_COMMITTED]
	JDBC fetch size: none
	Pool: DataSourceConnectionProvider
	Minimum pool size: undefined/unknown
	Maximum pool size: undefined/unknown
2026-05-03 22:23:13 [restartedMain] INFO  org.hibernate.orm.core - HHH000489: No JTA platform available (set 'hibernate.transaction.jta.platform' to enable JTA platform integration)
2026-05-03 22:23:13 [restartedMain] INFO  org.springframework.orm.jpa.LocalContainerEntityManagerFactoryBean - Initialized JPA EntityManagerFactory for persistence unit 'default'
2026-05-03 22:23:14 [restartedMain] INFO  org.apache.coyote.http11.Http11NioProtocol - Starting ProtocolHandler ["http-nio-8080"]
2026-05-03 22:23:14 [restartedMain] INFO  org.springframework.boot.tomcat.TomcatWebServer - Tomcat started on port 8080 (http) with context path '/'
2026-05-03 22:23:14 [restartedMain] INFO  com.example.coworking.CoworkingApplication - Started CoworkingApplication in 1.478 seconds (process running for 523.67)
2026-05-03 22:23:14 [restartedMain] INFO  org.springframework.boot.devtools.autoconfigure.ConditionEvaluationDeltaLoggingListener - Condition evaluation unchanged
2026-05-03 22:23:30 [File Watcher] INFO  org.springframework.boot.devtools.autoconfigure.LocalDevToolsAutoConfiguration$RestartingClassPathChangeChangedEventListener - Restarting due to 2 class path changes (0 additions, 0 deletions, 2 modifications)
2026-05-03 22:23:30 [Thread-49] INFO  org.springframework.boot.tomcat.GracefulShutdown - Commencing graceful shutdown. Waiting for active requests to complete
2026-05-03 22:23:30 [tomcat-shutdown] INFO  org.apache.coyote.http11.Http11NioProtocol - Pausing ProtocolHandler ["http-nio-8080"]
2026-05-03 22:23:30 [tomcat-shutdown] INFO  org.springframework.boot.tomcat.GracefulShutdown - Graceful shutdown complete
2026-05-03 22:23:30 [Thread-49] INFO  org.apache.coyote.http11.Http11NioProtocol - Stopping ProtocolHandler ["http-nio-8080"]
2026-05-03 22:23:30 [Thread-49] INFO  org.springframework.orm.jpa.LocalContainerEntityManagerFactoryBean - Closing JPA EntityManagerFactory for persistence unit 'default'
2026-05-03 22:23:30 [Thread-49] INFO  com.zaxxer.hikari.HikariDataSource - HikariPool-13 - Shutdown initiated...
2026-05-03 22:23:30 [Thread-49] INFO  com.zaxxer.hikari.HikariDataSource - HikariPool-13 - Shutdown completed.
2026-05-03 22:23:30 [restartedMain] INFO  com.example.coworking.CoworkingApplication - Starting CoworkingApplication using Java 17.0.18 with PID 57396 (/home/serega/IdeaProjects/coworking/target/classes started by serega in /home/serega/IdeaProjects/coworking)
2026-05-03 22:23:30 [restartedMain] INFO  com.example.coworking.CoworkingApplication - No active profile set, falling back to 1 default profile: "default"
2026-05-03 22:23:30 [restartedMain] INFO  org.springframework.data.repository.config.RepositoryConfigurationDelegate - Bootstrapping Spring Data JPA repositories in DEFAULT mode.
2026-05-03 22:23:30 [restartedMain] INFO  org.springframework.data.repository.config.RepositoryConfigurationDelegate - Finished Spring Data repository scanning in 11 ms. Found 5 JPA repository interfaces.
2026-05-03 22:23:30 [restartedMain] INFO  org.springframework.boot.tomcat.TomcatWebServer - Tomcat initialized with port 8080 (http)
2026-05-03 22:23:30 [restartedMain] INFO  org.apache.coyote.http11.Http11NioProtocol - Initializing ProtocolHandler ["http-nio-8080"]
2026-05-03 22:23:30 [restartedMain] INFO  org.apache.catalina.core.StandardService - Starting service [Tomcat]
2026-05-03 22:23:30 [restartedMain] INFO  org.apache.catalina.core.StandardEngine - Starting Servlet engine: [Apache Tomcat/11.0.18]
2026-05-03 22:23:30 [restartedMain] INFO  org.springframework.boot.web.context.servlet.WebApplicationContextInitializer - Root WebApplicationContext: initialization completed in 374 ms
2026-05-03 22:23:30 [restartedMain] INFO  org.hibernate.orm.jpa - HHH008540: Processing PersistenceUnitInfo [name: default]
2026-05-03 22:23:30 [restartedMain] INFO  org.springframework.orm.jpa.persistenceunit.SpringPersistenceUnitInfo - No LoadTimeWeaver setup: ignoring JPA class transformer
2026-05-03 22:23:30 [restartedMain] INFO  com.zaxxer.hikari.HikariDataSource - HikariPool-14 - Starting...
2026-05-03 22:23:30 [restartedMain] INFO  com.zaxxer.hikari.pool.HikariPool - HikariPool-14 - Added connection org.postgresql.jdbc.PgConnection@63f5595b
2026-05-03 22:23:30 [restartedMain] INFO  com.zaxxer.hikari.HikariDataSource - HikariPool-14 - Start completed.
2026-05-03 22:23:30 [restartedMain] INFO  org.hibernate.orm.connections.pooling - HHH10001005: Database info:
	Database JDBC URL [jdbc:postgresql://localhost:5432/coworkingsdb]
	Database driver: PostgreSQL JDBC Driver
	Database dialect: PostgreSQLDialect
	Database version: 18.3
	Default catalog/schema: coworkingsdb/public
	Autocommit mode: undefined/unknown
	Isolation level: READ_COMMITTED [default READ_COMMITTED]
	JDBC fetch size: none
	Pool: DataSourceConnectionProvider
	Minimum pool size: undefined/unknown
	Maximum pool size: undefined/unknown
2026-05-03 22:23:30 [restartedMain] INFO  org.hibernate.orm.core - HHH000489: No JTA platform available (set 'hibernate.transaction.jta.platform' to enable JTA platform integration)
2026-05-03 22:23:30 [restartedMain] INFO  org.springframework.orm.jpa.LocalContainerEntityManagerFactoryBean - Initialized JPA EntityManagerFactory for persistence unit 'default'
2026-05-03 22:23:31 [restartedMain] INFO  org.apache.coyote.http11.Http11NioProtocol - Starting ProtocolHandler ["http-nio-8080"]
2026-05-03 22:23:31 [restartedMain] INFO  org.springframework.boot.tomcat.TomcatWebServer - Tomcat started on port 8080 (http) with context path '/'
2026-05-03 22:23:31 [restartedMain] INFO  com.example.coworking.CoworkingApplication - Started CoworkingApplication in 1.281 seconds (process running for 540.83)
2026-05-03 22:23:31 [restartedMain] INFO  org.springframework.boot.devtools.autoconfigure.ConditionEvaluationDeltaLoggingListener - Condition evaluation unchanged
2026-05-03 22:25:05 [File Watcher] INFO  org.springframework.boot.devtools.autoconfigure.LocalDevToolsAutoConfiguration$RestartingClassPathChangeChangedEventListener - Restarting due to 2 class path changes (0 additions, 2 deletions, 0 modifications)
2026-05-03 22:25:05 [Thread-53] INFO  org.springframework.boot.tomcat.GracefulShutdown - Commencing graceful shutdown. Waiting for active requests to complete
2026-05-03 22:25:05 [tomcat-shutdown] INFO  org.apache.coyote.http11.Http11NioProtocol - Pausing ProtocolHandler ["http-nio-8080"]
2026-05-03 22:25:05 [tomcat-shutdown] INFO  org.springframework.boot.tomcat.GracefulShutdown - Graceful shutdown complete
2026-05-03 22:25:05 [Thread-53] INFO  org.apache.coyote.http11.Http11NioProtocol - Stopping ProtocolHandler ["http-nio-8080"]
2026-05-03 22:25:05 [Thread-53] INFO  org.springframework.orm.jpa.LocalContainerEntityManagerFactoryBean - Closing JPA EntityManagerFactory for persistence unit 'default'
2026-05-03 22:25:05 [Thread-53] INFO  com.zaxxer.hikari.HikariDataSource - HikariPool-14 - Shutdown initiated...
2026-05-03 22:25:05 [Thread-53] INFO  com.zaxxer.hikari.HikariDataSource - HikariPool-14 - Shutdown completed.
2026-05-03 22:25:05 [restartedMain] INFO  com.example.coworking.CoworkingApplication - Starting CoworkingApplication using Java 17.0.18 with PID 57396 (/home/serega/IdeaProjects/coworking/target/classes started by serega in /home/serega/IdeaProjects/coworking)
2026-05-03 22:25:05 [restartedMain] INFO  com.example.coworking.CoworkingApplication - No active profile set, falling back to 1 default profile: "default"
2026-05-03 22:25:05 [restartedMain] INFO  org.springframework.data.repository.config.RepositoryConfigurationDelegate - Bootstrapping Spring Data JPA repositories in DEFAULT mode.
2026-05-03 22:25:05 [restartedMain] INFO  org.springframework.data.repository.config.RepositoryConfigurationDelegate - Finished Spring Data repository scanning in 19 ms. Found 5 JPA repository interfaces.
2026-05-03 22:25:05 [restartedMain] INFO  org.springframework.boot.tomcat.TomcatWebServer - Tomcat initialized with port 8080 (http)
2026-05-03 22:25:05 [restartedMain] INFO  org.apache.coyote.http11.Http11NioProtocol - Initializing ProtocolHandler ["http-nio-8080"]
2026-05-03 22:25:05 [restartedMain] INFO  org.apache.catalina.core.StandardService - Starting service [Tomcat]
2026-05-03 22:25:05 [restartedMain] INFO  org.apache.catalina.core.StandardEngine - Starting Servlet engine: [Apache Tomcat/11.0.18]
2026-05-03 22:25:05 [restartedMain] INFO  org.springframework.boot.web.context.servlet.WebApplicationContextInitializer - Root WebApplicationContext: initialization completed in 481 ms
2026-05-03 22:25:05 [restartedMain] INFO  org.hibernate.orm.jpa - HHH008540: Processing PersistenceUnitInfo [name: default]
2026-05-03 22:25:05 [restartedMain] INFO  org.springframework.orm.jpa.persistenceunit.SpringPersistenceUnitInfo - No LoadTimeWeaver setup: ignoring JPA class transformer
2026-05-03 22:25:05 [restartedMain] INFO  com.zaxxer.hikari.HikariDataSource - HikariPool-15 - Starting...
2026-05-03 22:25:05 [restartedMain] INFO  com.zaxxer.hikari.pool.HikariPool - HikariPool-15 - Added connection org.postgresql.jdbc.PgConnection@39d0f8bd
2026-05-03 22:25:05 [restartedMain] INFO  com.zaxxer.hikari.HikariDataSource - HikariPool-15 - Start completed.
2026-05-03 22:25:05 [restartedMain] INFO  org.hibernate.orm.connections.pooling - HHH10001005: Database info:
	Database JDBC URL [jdbc:postgresql://localhost:5432/coworkingsdb]
	Database driver: PostgreSQL JDBC Driver
	Database dialect: PostgreSQLDialect
	Database version: 18.3
	Default catalog/schema: coworkingsdb/public
	Autocommit mode: undefined/unknown
	Isolation level: READ_COMMITTED [default READ_COMMITTED]
	JDBC fetch size: none
	Pool: DataSourceConnectionProvider
	Minimum pool size: undefined/unknown
	Maximum pool size: undefined/unknown
2026-05-03 22:25:06 [restartedMain] INFO  org.hibernate.orm.core - HHH000489: No JTA platform available (set 'hibernate.transaction.jta.platform' to enable JTA platform integration)
2026-05-03 22:25:06 [restartedMain] INFO  org.springframework.orm.jpa.LocalContainerEntityManagerFactoryBean - Initialized JPA EntityManagerFactory for persistence unit 'default'
2026-05-03 22:25:07 [restartedMain] INFO  org.apache.coyote.http11.Http11NioProtocol - Starting ProtocolHandler ["http-nio-8080"]
2026-05-03 22:25:07 [restartedMain] INFO  org.springframework.boot.tomcat.TomcatWebServer - Tomcat started on port 8080 (http) with context path '/'
2026-05-03 22:25:07 [restartedMain] INFO  com.example.coworking.CoworkingApplication - Started CoworkingApplication in 2.143 seconds (process running for 636.683)
2026-05-03 22:25:07 [restartedMain] INFO  org.springframework.boot.devtools.autoconfigure.ConditionEvaluationDeltaLoggingListener - Condition evaluation unchanged
2026-05-03 22:25:08 [File Watcher] INFO  org.springframework.boot.devtools.autoconfigure.LocalDevToolsAutoConfiguration$RestartingClassPathChangeChangedEventListener - Restarting due to 2 class path changes (2 additions, 0 deletions, 0 modifications)
2026-05-03 22:25:08 [Thread-57] INFO  org.springframework.boot.tomcat.GracefulShutdown - Commencing graceful shutdown. Waiting for active requests to complete
2026-05-03 22:25:08 [tomcat-shutdown] INFO  org.apache.coyote.http11.Http11NioProtocol - Pausing ProtocolHandler ["http-nio-8080"]
2026-05-03 22:25:08 [tomcat-shutdown] INFO  org.springframework.boot.tomcat.GracefulShutdown - Graceful shutdown complete
2026-05-03 22:25:08 [Thread-57] INFO  org.apache.coyote.http11.Http11NioProtocol - Stopping ProtocolHandler ["http-nio-8080"]
2026-05-03 22:25:08 [Thread-57] INFO  org.springframework.orm.jpa.LocalContainerEntityManagerFactoryBean - Closing JPA EntityManagerFactory for persistence unit 'default'
2026-05-03 22:25:08 [Thread-57] INFO  com.zaxxer.hikari.HikariDataSource - HikariPool-15 - Shutdown initiated...
2026-05-03 22:25:08 [Thread-57] INFO  com.zaxxer.hikari.HikariDataSource - HikariPool-15 - Shutdown completed.
2026-05-03 22:25:08 [restartedMain] INFO  com.example.coworking.CoworkingApplication - Starting CoworkingApplication using Java 17.0.18 with PID 57396 (/home/serega/IdeaProjects/coworking/target/classes started by serega in /home/serega/IdeaProjects/coworking)
2026-05-03 22:25:08 [restartedMain] INFO  com.example.coworking.CoworkingApplication - No active profile set, falling back to 1 default profile: "default"
2026-05-03 22:25:08 [restartedMain] INFO  org.springframework.data.repository.config.RepositoryConfigurationDelegate - Bootstrapping Spring Data JPA repositories in DEFAULT mode.
2026-05-03 22:25:08 [restartedMain] INFO  org.springframework.data.repository.config.RepositoryConfigurationDelegate - Finished Spring Data repository scanning in 9 ms. Found 5 JPA repository interfaces.
2026-05-03 22:25:09 [restartedMain] INFO  org.springframework.boot.tomcat.TomcatWebServer - Tomcat initialized with port 8080 (http)
2026-05-03 22:25:09 [restartedMain] INFO  org.apache.coyote.http11.Http11NioProtocol - Initializing ProtocolHandler ["http-nio-8080"]
2026-05-03 22:25:09 [restartedMain] INFO  org.apache.catalina.core.StandardService - Starting service [Tomcat]
2026-05-03 22:25:09 [restartedMain] INFO  org.apache.catalina.core.StandardEngine - Starting Servlet engine: [Apache Tomcat/11.0.18]
2026-05-03 22:25:09 [restartedMain] INFO  org.springframework.boot.web.context.servlet.WebApplicationContextInitializer - Root WebApplicationContext: initialization completed in 276 ms
2026-05-03 22:25:09 [restartedMain] INFO  org.hibernate.orm.jpa - HHH008540: Processing PersistenceUnitInfo [name: default]
2026-05-03 22:25:09 [restartedMain] INFO  org.springframework.orm.jpa.persistenceunit.SpringPersistenceUnitInfo - No LoadTimeWeaver setup: ignoring JPA class transformer
2026-05-03 22:25:09 [restartedMain] INFO  com.zaxxer.hikari.HikariDataSource - HikariPool-16 - Starting...
2026-05-03 22:25:09 [restartedMain] INFO  com.zaxxer.hikari.pool.HikariPool - HikariPool-16 - Added connection org.postgresql.jdbc.PgConnection@64cfd851
2026-05-03 22:25:09 [restartedMain] INFO  com.zaxxer.hikari.HikariDataSource - HikariPool-16 - Start completed.
2026-05-03 22:25:09 [restartedMain] INFO  org.hibernate.orm.connections.pooling - HHH10001005: Database info:
	Database JDBC URL [jdbc:postgresql://localhost:5432/coworkingsdb]
	Database driver: PostgreSQL JDBC Driver
	Database dialect: PostgreSQLDialect
	Database version: 18.3
	Default catalog/schema: coworkingsdb/public
	Autocommit mode: undefined/unknown
	Isolation level: READ_COMMITTED [default READ_COMMITTED]
	JDBC fetch size: none
	Pool: DataSourceConnectionProvider
	Minimum pool size: undefined/unknown
	Maximum pool size: undefined/unknown
2026-05-03 22:25:09 [restartedMain] INFO  org.hibernate.orm.core - HHH000489: No JTA platform available (set 'hibernate.transaction.jta.platform' to enable JTA platform integration)
2026-05-03 22:25:09 [restartedMain] INFO  org.springframework.orm.jpa.LocalContainerEntityManagerFactoryBean - Initialized JPA EntityManagerFactory for persistence unit 'default'
2026-05-03 22:25:09 [restartedMain] INFO  org.apache.coyote.http11.Http11NioProtocol - Starting ProtocolHandler ["http-nio-8080"]
2026-05-03 22:25:09 [restartedMain] INFO  org.springframework.boot.tomcat.TomcatWebServer - Tomcat started on port 8080 (http) with context path '/'
2026-05-03 22:25:09 [restartedMain] INFO  com.example.coworking.CoworkingApplication - Started CoworkingApplication in 1.008 seconds (process running for 639.145)
2026-05-03 22:25:09 [restartedMain] INFO  org.springframework.boot.devtools.autoconfigure.ConditionEvaluationDeltaLoggingListener - Condition evaluation unchanged
2026-05-03 22:26:23 [File Watcher] INFO  org.springframework.boot.devtools.autoconfigure.LocalDevToolsAutoConfiguration$RestartingClassPathChangeChangedEventListener - Restarting due to 2 class path changes (0 additions, 2 deletions, 0 modifications)
2026-05-03 22:26:23 [Thread-61] INFO  org.springframework.boot.tomcat.GracefulShutdown - Commencing graceful shutdown. Waiting for active requests to complete
2026-05-03 22:26:23 [tomcat-shutdown] INFO  org.apache.coyote.http11.Http11NioProtocol - Pausing ProtocolHandler ["http-nio-8080"]
2026-05-03 22:26:23 [tomcat-shutdown] INFO  org.springframework.boot.tomcat.GracefulShutdown - Graceful shutdown complete
2026-05-03 22:26:23 [Thread-61] INFO  org.apache.coyote.http11.Http11NioProtocol - Stopping ProtocolHandler ["http-nio-8080"]
2026-05-03 22:26:23 [Thread-61] INFO  org.springframework.orm.jpa.LocalContainerEntityManagerFactoryBean - Closing JPA EntityManagerFactory for persistence unit 'default'
2026-05-03 22:26:23 [Thread-61] INFO  com.zaxxer.hikari.HikariDataSource - HikariPool-16 - Shutdown initiated...
2026-05-03 22:26:23 [Thread-61] INFO  com.zaxxer.hikari.HikariDataSource - HikariPool-16 - Shutdown completed.
2026-05-03 22:26:23 [restartedMain] INFO  com.example.coworking.CoworkingApplication - Starting CoworkingApplication using Java 17.0.18 with PID 57396 (/home/serega/IdeaProjects/coworking/target/classes started by serega in /home/serega/IdeaProjects/coworking)
2026-05-03 22:26:23 [restartedMain] INFO  com.example.coworking.CoworkingApplication - No active profile set, falling back to 1 default profile: "default"
2026-05-03 22:26:23 [restartedMain] INFO  org.springframework.data.repository.config.RepositoryConfigurationDelegate - Bootstrapping Spring Data JPA repositories in DEFAULT mode.
2026-05-03 22:26:23 [restartedMain] INFO  org.springframework.data.repository.config.RepositoryConfigurationDelegate - Finished Spring Data repository scanning in 16 ms. Found 5 JPA repository interfaces.
2026-05-03 22:26:23 [restartedMain] INFO  org.springframework.boot.tomcat.TomcatWebServer - Tomcat initialized with port 8080 (http)
2026-05-03 22:26:23 [restartedMain] INFO  org.apache.coyote.http11.Http11NioProtocol - Initializing ProtocolHandler ["http-nio-8080"]
2026-05-03 22:26:23 [restartedMain] INFO  org.apache.catalina.core.StandardService - Starting service [Tomcat]
2026-05-03 22:26:23 [restartedMain] INFO  org.apache.catalina.core.StandardEngine - Starting Servlet engine: [Apache Tomcat/11.0.18]
2026-05-03 22:26:23 [restartedMain] INFO  org.springframework.boot.web.context.servlet.WebApplicationContextInitializer - Root WebApplicationContext: initialization completed in 449 ms
2026-05-03 22:26:23 [restartedMain] INFO  org.hibernate.orm.jpa - HHH008540: Processing PersistenceUnitInfo [name: default]
2026-05-03 22:26:23 [restartedMain] INFO  org.springframework.orm.jpa.persistenceunit.SpringPersistenceUnitInfo - No LoadTimeWeaver setup: ignoring JPA class transformer
2026-05-03 22:26:23 [restartedMain] INFO  com.zaxxer.hikari.HikariDataSource - HikariPool-17 - Starting...
2026-05-03 22:26:23 [restartedMain] INFO  com.zaxxer.hikari.pool.HikariPool - HikariPool-17 - Added connection org.postgresql.jdbc.PgConnection@5d37af84
2026-05-03 22:26:24 [restartedMain] INFO  com.zaxxer.hikari.HikariDataSource - HikariPool-17 - Start completed.
2026-05-03 22:26:24 [restartedMain] INFO  org.hibernate.orm.connections.pooling - HHH10001005: Database info:
	Database JDBC URL [jdbc:postgresql://localhost:5432/coworkingsdb]
	Database driver: PostgreSQL JDBC Driver
	Database dialect: PostgreSQLDialect
	Database version: 18.3
	Default catalog/schema: coworkingsdb/public
	Autocommit mode: undefined/unknown
	Isolation level: READ_COMMITTED [default READ_COMMITTED]
	JDBC fetch size: none
	Pool: DataSourceConnectionProvider
	Minimum pool size: undefined/unknown
	Maximum pool size: undefined/unknown
2026-05-03 22:26:24 [restartedMain] INFO  org.hibernate.orm.core - HHH000489: No JTA platform available (set 'hibernate.transaction.jta.platform' to enable JTA platform integration)
2026-05-03 22:26:24 [restartedMain] INFO  org.springframework.orm.jpa.LocalContainerEntityManagerFactoryBean - Initialized JPA EntityManagerFactory for persistence unit 'default'
2026-05-03 22:26:25 [restartedMain] INFO  org.apache.coyote.http11.Http11NioProtocol - Starting ProtocolHandler ["http-nio-8080"]
2026-05-03 22:26:25 [restartedMain] INFO  org.springframework.boot.tomcat.TomcatWebServer - Tomcat started on port 8080 (http) with context path '/'
2026-05-03 22:26:25 [restartedMain] INFO  com.example.coworking.CoworkingApplication - Started CoworkingApplication in 1.65 seconds (process running for 714.405)
2026-05-03 22:26:25 [restartedMain] INFO  org.springframework.boot.devtools.autoconfigure.ConditionEvaluationDeltaLoggingListener - Condition evaluation unchanged
2026-05-03 22:26:26 [File Watcher] INFO  org.springframework.boot.devtools.autoconfigure.LocalDevToolsAutoConfiguration$RestartingClassPathChangeChangedEventListener - Restarting due to 2 class path changes (2 additions, 0 deletions, 0 modifications)
2026-05-03 22:26:26 [Thread-65] INFO  org.springframework.boot.tomcat.GracefulShutdown - Commencing graceful shutdown. Waiting for active requests to complete
2026-05-03 22:26:26 [tomcat-shutdown] INFO  org.apache.coyote.http11.Http11NioProtocol - Pausing ProtocolHandler ["http-nio-8080"]
2026-05-03 22:26:26 [tomcat-shutdown] INFO  org.springframework.boot.tomcat.GracefulShutdown - Graceful shutdown complete
2026-05-03 22:26:26 [Thread-65] INFO  org.apache.coyote.http11.Http11NioProtocol - Stopping ProtocolHandler ["http-nio-8080"]
2026-05-03 22:26:26 [Thread-65] INFO  org.springframework.orm.jpa.LocalContainerEntityManagerFactoryBean - Closing JPA EntityManagerFactory for persistence unit 'default'
2026-05-03 22:26:26 [Thread-65] INFO  com.zaxxer.hikari.HikariDataSource - HikariPool-17 - Shutdown initiated...
2026-05-03 22:26:26 [Thread-65] INFO  com.zaxxer.hikari.HikariDataSource - HikariPool-17 - Shutdown completed.
2026-05-03 22:26:26 [restartedMain] INFO  com.example.coworking.CoworkingApplication - Starting CoworkingApplication using Java 17.0.18 with PID 57396 (/home/serega/IdeaProjects/coworking/target/classes started by serega in /home/serega/IdeaProjects/coworking)
2026-05-03 22:26:26 [restartedMain] INFO  com.example.coworking.CoworkingApplication - No active profile set, falling back to 1 default profile: "default"
2026-05-03 22:26:26 [restartedMain] INFO  org.springframework.data.repository.config.RepositoryConfigurationDelegate - Bootstrapping Spring Data JPA repositories in DEFAULT mode.
2026-05-03 22:26:26 [restartedMain] INFO  org.springframework.data.repository.config.RepositoryConfigurationDelegate - Finished Spring Data repository scanning in 10 ms. Found 5 JPA repository interfaces.
2026-05-03 22:26:26 [restartedMain] INFO  org.springframework.boot.tomcat.TomcatWebServer - Tomcat initialized with port 8080 (http)
2026-05-03 22:26:26 [restartedMain] INFO  org.apache.coyote.http11.Http11NioProtocol - Initializing ProtocolHandler ["http-nio-8080"]
2026-05-03 22:26:26 [restartedMain] INFO  org.apache.catalina.core.StandardService - Starting service [Tomcat]
2026-05-03 22:26:26 [restartedMain] INFO  org.apache.catalina.core.StandardEngine - Starting Servlet engine: [Apache Tomcat/11.0.18]
2026-05-03 22:26:26 [restartedMain] INFO  org.springframework.boot.web.context.servlet.WebApplicationContextInitializer - Root WebApplicationContext: initialization completed in 333 ms
2026-05-03 22:26:26 [restartedMain] INFO  org.hibernate.orm.jpa - HHH008540: Processing PersistenceUnitInfo [name: default]
2026-05-03 22:26:26 [restartedMain] INFO  org.springframework.orm.jpa.persistenceunit.SpringPersistenceUnitInfo - No LoadTimeWeaver setup: ignoring JPA class transformer
2026-05-03 22:26:26 [restartedMain] INFO  com.zaxxer.hikari.HikariDataSource - HikariPool-18 - Starting...
2026-05-03 22:26:27 [restartedMain] INFO  com.zaxxer.hikari.pool.HikariPool - HikariPool-18 - Added connection org.postgresql.jdbc.PgConnection@49dfd682
2026-05-03 22:26:27 [restartedMain] INFO  com.zaxxer.hikari.HikariDataSource - HikariPool-18 - Start completed.
2026-05-03 22:26:27 [restartedMain] INFO  org.hibernate.orm.connections.pooling - HHH10001005: Database info:
	Database JDBC URL [jdbc:postgresql://localhost:5432/coworkingsdb]
	Database driver: PostgreSQL JDBC Driver
	Database dialect: PostgreSQLDialect
	Database version: 18.3
	Default catalog/schema: coworkingsdb/public
	Autocommit mode: undefined/unknown
	Isolation level: READ_COMMITTED [default READ_COMMITTED]
	JDBC fetch size: none
	Pool: DataSourceConnectionProvider
	Minimum pool size: undefined/unknown
	Maximum pool size: undefined/unknown
2026-05-03 22:26:27 [restartedMain] INFO  org.hibernate.orm.core - HHH000489: No JTA platform available (set 'hibernate.transaction.jta.platform' to enable JTA platform integration)
2026-05-03 22:26:27 [restartedMain] INFO  org.springframework.orm.jpa.LocalContainerEntityManagerFactoryBean - Initialized JPA EntityManagerFactory for persistence unit 'default'
2026-05-03 22:26:27 [restartedMain] INFO  org.apache.coyote.http11.Http11NioProtocol - Starting ProtocolHandler ["http-nio-8080"]
2026-05-03 22:26:27 [restartedMain] INFO  org.springframework.boot.tomcat.TomcatWebServer - Tomcat started on port 8080 (http) with context path '/'
2026-05-03 22:26:27 [restartedMain] INFO  com.example.coworking.CoworkingApplication - Started CoworkingApplication in 1.23 seconds (process running for 717.128)
2026-05-03 22:26:27 [restartedMain] INFO  org.springframework.boot.devtools.autoconfigure.ConditionEvaluationDeltaLoggingListener - Condition evaluation unchanged
2026-05-03 22:27:38 [File Watcher] INFO  org.springframework.boot.devtools.autoconfigure.LocalDevToolsAutoConfiguration$RestartingClassPathChangeChangedEventListener - Restarting due to 2 class path changes (0 additions, 2 deletions, 0 modifications)
2026-05-03 22:27:38 [Thread-69] INFO  org.springframework.boot.tomcat.GracefulShutdown - Commencing graceful shutdown. Waiting for active requests to complete
2026-05-03 22:27:38 [tomcat-shutdown] INFO  org.apache.coyote.http11.Http11NioProtocol - Pausing ProtocolHandler ["http-nio-8080"]
2026-05-03 22:27:38 [tomcat-shutdown] INFO  org.springframework.boot.tomcat.GracefulShutdown - Graceful shutdown complete
2026-05-03 22:27:38 [Thread-69] INFO  org.apache.coyote.http11.Http11NioProtocol - Stopping ProtocolHandler ["http-nio-8080"]
2026-05-03 22:27:38 [Thread-69] INFO  org.springframework.orm.jpa.LocalContainerEntityManagerFactoryBean - Closing JPA EntityManagerFactory for persistence unit 'default'
2026-05-03 22:27:38 [Thread-69] INFO  com.zaxxer.hikari.HikariDataSource - HikariPool-18 - Shutdown initiated...
2026-05-03 22:27:38 [Thread-69] INFO  com.zaxxer.hikari.HikariDataSource - HikariPool-18 - Shutdown completed.
2026-05-03 22:27:38 [restartedMain] INFO  com.example.coworking.CoworkingApplication - Starting CoworkingApplication using Java 17.0.18 with PID 57396 (/home/serega/IdeaProjects/coworking/target/classes started by serega in /home/serega/IdeaProjects/coworking)
2026-05-03 22:27:38 [restartedMain] INFO  com.example.coworking.CoworkingApplication - No active profile set, falling back to 1 default profile: "default"
2026-05-03 22:27:38 [restartedMain] INFO  org.springframework.data.repository.config.RepositoryConfigurationDelegate - Bootstrapping Spring Data JPA repositories in DEFAULT mode.
2026-05-03 22:27:38 [restartedMain] INFO  org.springframework.data.repository.config.RepositoryConfigurationDelegate - Finished Spring Data repository scanning in 18 ms. Found 5 JPA repository interfaces.
2026-05-03 22:27:38 [restartedMain] INFO  org.springframework.boot.tomcat.TomcatWebServer - Tomcat initialized with port 8080 (http)
2026-05-03 22:27:38 [restartedMain] INFO  org.apache.coyote.http11.Http11NioProtocol - Initializing ProtocolHandler ["http-nio-8080"]
2026-05-03 22:27:38 [restartedMain] INFO  org.apache.catalina.core.StandardService - Starting service [Tomcat]
2026-05-03 22:27:38 [restartedMain] INFO  org.apache.catalina.core.StandardEngine - Starting Servlet engine: [Apache Tomcat/11.0.18]
2026-05-03 22:27:38 [restartedMain] INFO  org.springframework.boot.web.context.servlet.WebApplicationContextInitializer - Root WebApplicationContext: initialization completed in 450 ms
2026-05-03 22:27:38 [restartedMain] INFO  org.hibernate.orm.jpa - HHH008540: Processing PersistenceUnitInfo [name: default]
2026-05-03 22:27:38 [restartedMain] INFO  org.springframework.orm.jpa.persistenceunit.SpringPersistenceUnitInfo - No LoadTimeWeaver setup: ignoring JPA class transformer
2026-05-03 22:27:38 [restartedMain] INFO  com.zaxxer.hikari.HikariDataSource - HikariPool-19 - Starting...
2026-05-03 22:27:38 [restartedMain] INFO  com.zaxxer.hikari.pool.HikariPool - HikariPool-19 - Added connection org.postgresql.jdbc.PgConnection@5b752c60
2026-05-03 22:27:38 [restartedMain] INFO  com.zaxxer.hikari.HikariDataSource - HikariPool-19 - Start completed.
2026-05-03 22:27:38 [restartedMain] INFO  org.hibernate.orm.connections.pooling - HHH10001005: Database info:
	Database JDBC URL [jdbc:postgresql://localhost:5432/coworkingsdb]
	Database driver: PostgreSQL JDBC Driver
	Database dialect: PostgreSQLDialect
	Database version: 18.3
	Default catalog/schema: coworkingsdb/public
	Autocommit mode: undefined/unknown
	Isolation level: READ_COMMITTED [default READ_COMMITTED]
	JDBC fetch size: none
	Pool: DataSourceConnectionProvider
	Minimum pool size: undefined/unknown
	Maximum pool size: undefined/unknown
2026-05-03 22:27:39 [restartedMain] INFO  org.hibernate.orm.core - HHH000489: No JTA platform available (set 'hibernate.transaction.jta.platform' to enable JTA platform integration)
2026-05-03 22:27:39 [restartedMain] INFO  org.springframework.orm.jpa.LocalContainerEntityManagerFactoryBean - Initialized JPA EntityManagerFactory for persistence unit 'default'
2026-05-03 22:27:40 [restartedMain] INFO  org.apache.coyote.http11.Http11NioProtocol - Starting ProtocolHandler ["http-nio-8080"]
2026-05-03 22:27:40 [restartedMain] INFO  org.springframework.boot.tomcat.TomcatWebServer - Tomcat started on port 8080 (http) with context path '/'
2026-05-03 22:27:40 [restartedMain] INFO  com.example.coworking.CoworkingApplication - Started CoworkingApplication in 1.748 seconds (process running for 789.516)
2026-05-03 22:27:40 [restartedMain] INFO  org.springframework.boot.devtools.autoconfigure.ConditionEvaluationDeltaLoggingListener - Condition evaluation unchanged
2026-05-03 22:27:41 [File Watcher] INFO  org.springframework.boot.devtools.autoconfigure.LocalDevToolsAutoConfiguration$RestartingClassPathChangeChangedEventListener - Restarting due to 2 class path changes (2 additions, 0 deletions, 0 modifications)
2026-05-03 22:27:41 [Thread-73] INFO  org.springframework.boot.tomcat.GracefulShutdown - Commencing graceful shutdown. Waiting for active requests to complete
2026-05-03 22:27:41 [tomcat-shutdown] INFO  org.apache.coyote.http11.Http11NioProtocol - Pausing ProtocolHandler ["http-nio-8080"]
2026-05-03 22:27:41 [tomcat-shutdown] INFO  org.springframework.boot.tomcat.GracefulShutdown - Graceful shutdown complete
2026-05-03 22:27:41 [Thread-73] INFO  org.apache.coyote.http11.Http11NioProtocol - Stopping ProtocolHandler ["http-nio-8080"]
2026-05-03 22:27:41 [Thread-73] INFO  org.springframework.orm.jpa.LocalContainerEntityManagerFactoryBean - Closing JPA EntityManagerFactory for persistence unit 'default'
2026-05-03 22:27:41 [Thread-73] INFO  com.zaxxer.hikari.HikariDataSource - HikariPool-19 - Shutdown initiated...
2026-05-03 22:27:41 [Thread-73] INFO  com.zaxxer.hikari.HikariDataSource - HikariPool-19 - Shutdown completed.
2026-05-03 22:27:41 [restartedMain] INFO  com.example.coworking.CoworkingApplication - Starting CoworkingApplication using Java 17.0.18 with PID 57396 (/home/serega/IdeaProjects/coworking/target/classes started by serega in /home/serega/IdeaProjects/coworking)
2026-05-03 22:27:41 [restartedMain] INFO  com.example.coworking.CoworkingApplication - No active profile set, falling back to 1 default profile: "default"
2026-05-03 22:27:41 [restartedMain] INFO  org.springframework.data.repository.config.RepositoryConfigurationDelegate - Bootstrapping Spring Data JPA repositories in DEFAULT mode.
2026-05-03 22:27:41 [restartedMain] INFO  org.springframework.data.repository.config.RepositoryConfigurationDelegate - Finished Spring Data repository scanning in 16 ms. Found 5 JPA repository interfaces.
2026-05-03 22:27:42 [restartedMain] INFO  org.springframework.boot.tomcat.TomcatWebServer - Tomcat initialized with port 8080 (http)
2026-05-03 22:27:42 [restartedMain] INFO  org.apache.coyote.http11.Http11NioProtocol - Initializing ProtocolHandler ["http-nio-8080"]
2026-05-03 22:27:42 [restartedMain] INFO  org.apache.catalina.core.StandardService - Starting service [Tomcat]
2026-05-03 22:27:42 [restartedMain] INFO  org.apache.catalina.core.StandardEngine - Starting Servlet engine: [Apache Tomcat/11.0.18]
2026-05-03 22:27:42 [restartedMain] INFO  org.springframework.boot.web.context.servlet.WebApplicationContextInitializer - Root WebApplicationContext: initialization completed in 428 ms
2026-05-03 22:27:42 [restartedMain] INFO  org.hibernate.orm.jpa - HHH008540: Processing PersistenceUnitInfo [name: default]
2026-05-03 22:27:42 [restartedMain] INFO  org.springframework.orm.jpa.persistenceunit.SpringPersistenceUnitInfo - No LoadTimeWeaver setup: ignoring JPA class transformer
2026-05-03 22:27:42 [restartedMain] INFO  com.zaxxer.hikari.HikariDataSource - HikariPool-20 - Starting...
2026-05-03 22:27:42 [restartedMain] INFO  com.zaxxer.hikari.pool.HikariPool - HikariPool-20 - Added connection org.postgresql.jdbc.PgConnection@ea1acf4
2026-05-03 22:27:42 [restartedMain] INFO  com.zaxxer.hikari.HikariDataSource - HikariPool-20 - Start completed.
2026-05-03 22:27:42 [restartedMain] INFO  org.hibernate.orm.connections.pooling - HHH10001005: Database info:
	Database JDBC URL [jdbc:postgresql://localhost:5432/coworkingsdb]
	Database driver: PostgreSQL JDBC Driver
	Database dialect: PostgreSQLDialect
	Database version: 18.3
	Default catalog/schema: coworkingsdb/public
	Autocommit mode: undefined/unknown
	Isolation level: READ_COMMITTED [default READ_COMMITTED]
	JDBC fetch size: none
	Pool: DataSourceConnectionProvider
	Minimum pool size: undefined/unknown
	Maximum pool size: undefined/unknown
2026-05-03 22:27:42 [restartedMain] INFO  org.hibernate.orm.core - HHH000489: No JTA platform available (set 'hibernate.transaction.jta.platform' to enable JTA platform integration)
2026-05-03 22:27:42 [restartedMain] INFO  org.springframework.orm.jpa.LocalContainerEntityManagerFactoryBean - Initialized JPA EntityManagerFactory for persistence unit 'default'
2026-05-03 22:27:42 [restartedMain] INFO  org.apache.coyote.http11.Http11NioProtocol - Starting ProtocolHandler ["http-nio-8080"]
2026-05-03 22:27:42 [restartedMain] INFO  org.springframework.boot.tomcat.TomcatWebServer - Tomcat started on port 8080 (http) with context path '/'
2026-05-03 22:27:42 [restartedMain] INFO  com.example.coworking.CoworkingApplication - Started CoworkingApplication in 1.369 seconds (process running for 792.318)
2026-05-03 22:27:42 [restartedMain] INFO  org.springframework.boot.devtools.autoconfigure.ConditionEvaluationDeltaLoggingListener - Condition evaluation unchanged
2026-05-03 22:27:53 [File Watcher] INFO  org.springframework.boot.devtools.autoconfigure.LocalDevToolsAutoConfiguration$RestartingClassPathChangeChangedEventListener - Restarting due to 2 class path changes (0 additions, 2 deletions, 0 modifications)
2026-05-03 22:27:53 [Thread-77] INFO  org.springframework.boot.tomcat.GracefulShutdown - Commencing graceful shutdown. Waiting for active requests to complete
2026-05-03 22:27:53 [tomcat-shutdown] INFO  org.apache.coyote.http11.Http11NioProtocol - Pausing ProtocolHandler ["http-nio-8080"]
2026-05-03 22:27:53 [tomcat-shutdown] INFO  org.springframework.boot.tomcat.GracefulShutdown - Graceful shutdown complete
2026-05-03 22:27:53 [Thread-77] INFO  org.apache.coyote.http11.Http11NioProtocol - Stopping ProtocolHandler ["http-nio-8080"]
2026-05-03 22:27:53 [Thread-77] INFO  org.springframework.orm.jpa.LocalContainerEntityManagerFactoryBean - Closing JPA EntityManagerFactory for persistence unit 'default'
2026-05-03 22:27:53 [Thread-77] INFO  com.zaxxer.hikari.HikariDataSource - HikariPool-20 - Shutdown initiated...
2026-05-03 22:27:53 [Thread-77] INFO  com.zaxxer.hikari.HikariDataSource - HikariPool-20 - Shutdown completed.
2026-05-03 22:27:53 [restartedMain] INFO  com.example.coworking.CoworkingApplication - Starting CoworkingApplication using Java 17.0.18 with PID 57396 (/home/serega/IdeaProjects/coworking/target/classes started by serega in /home/serega/IdeaProjects/coworking)
2026-05-03 22:27:53 [restartedMain] INFO  com.example.coworking.CoworkingApplication - No active profile set, falling back to 1 default profile: "default"
2026-05-03 22:27:53 [restartedMain] INFO  org.springframework.data.repository.config.RepositoryConfigurationDelegate - Bootstrapping Spring Data JPA repositories in DEFAULT mode.
2026-05-03 22:27:53 [restartedMain] INFO  org.springframework.data.repository.config.RepositoryConfigurationDelegate - Finished Spring Data repository scanning in 12 ms. Found 5 JPA repository interfaces.
2026-05-03 22:27:53 [restartedMain] INFO  org.springframework.boot.tomcat.TomcatWebServer - Tomcat initialized with port 8080 (http)
2026-05-03 22:27:53 [restartedMain] INFO  org.apache.coyote.http11.Http11NioProtocol - Initializing ProtocolHandler ["http-nio-8080"]
2026-05-03 22:27:53 [restartedMain] INFO  org.apache.catalina.core.StandardService - Starting service [Tomcat]
2026-05-03 22:27:53 [restartedMain] INFO  org.apache.catalina.core.StandardEngine - Starting Servlet engine: [Apache Tomcat/11.0.18]
2026-05-03 22:27:53 [restartedMain] INFO  org.springframework.boot.web.context.servlet.WebApplicationContextInitializer - Root WebApplicationContext: initialization completed in 435 ms
2026-05-03 22:27:53 [restartedMain] INFO  org.hibernate.orm.jpa - HHH008540: Processing PersistenceUnitInfo [name: default]
2026-05-03 22:27:53 [restartedMain] INFO  org.springframework.orm.jpa.persistenceunit.SpringPersistenceUnitInfo - No LoadTimeWeaver setup: ignoring JPA class transformer
2026-05-03 22:27:54 [restartedMain] INFO  com.zaxxer.hikari.HikariDataSource - HikariPool-21 - Starting...
2026-05-03 22:27:54 [restartedMain] INFO  com.zaxxer.hikari.pool.HikariPool - HikariPool-21 - Added connection org.postgresql.jdbc.PgConnection@a188ead
2026-05-03 22:27:54 [restartedMain] INFO  com.zaxxer.hikari.HikariDataSource - HikariPool-21 - Start completed.
2026-05-03 22:27:54 [restartedMain] INFO  org.hibernate.orm.connections.pooling - HHH10001005: Database info:
	Database JDBC URL [jdbc:postgresql://localhost:5432/coworkingsdb]
	Database driver: PostgreSQL JDBC Driver
	Database dialect: PostgreSQLDialect
	Database version: 18.3
	Default catalog/schema: coworkingsdb/public
	Autocommit mode: undefined/unknown
	Isolation level: READ_COMMITTED [default READ_COMMITTED]
	JDBC fetch size: none
	Pool: DataSourceConnectionProvider
	Minimum pool size: undefined/unknown
	Maximum pool size: undefined/unknown
2026-05-03 22:27:54 [restartedMain] INFO  org.hibernate.orm.core - HHH000489: No JTA platform available (set 'hibernate.transaction.jta.platform' to enable JTA platform integration)
2026-05-03 22:27:54 [restartedMain] INFO  org.springframework.orm.jpa.LocalContainerEntityManagerFactoryBean - Initialized JPA EntityManagerFactory for persistence unit 'default'
2026-05-03 22:27:55 [restartedMain] INFO  org.apache.coyote.http11.Http11NioProtocol - Starting ProtocolHandler ["http-nio-8080"]
2026-05-03 22:27:55 [restartedMain] INFO  org.springframework.boot.tomcat.TomcatWebServer - Tomcat started on port 8080 (http) with context path '/'
2026-05-03 22:27:55 [restartedMain] INFO  com.example.coworking.CoworkingApplication - Started CoworkingApplication in 1.812 seconds (process running for 804.617)
2026-05-03 22:27:55 [restartedMain] INFO  org.springframework.boot.devtools.autoconfigure.ConditionEvaluationDeltaLoggingListener - Condition evaluation unchanged
2026-05-03 22:27:56 [File Watcher] INFO  org.springframework.boot.devtools.autoconfigure.LocalDevToolsAutoConfiguration$RestartingClassPathChangeChangedEventListener - Restarting due to 2 class path changes (2 additions, 0 deletions, 0 modifications)
2026-05-03 22:27:56 [Thread-81] INFO  org.springframework.boot.tomcat.GracefulShutdown - Commencing graceful shutdown. Waiting for active requests to complete
2026-05-03 22:27:56 [tomcat-shutdown] INFO  org.apache.coyote.http11.Http11NioProtocol - Pausing ProtocolHandler ["http-nio-8080"]
2026-05-03 22:27:56 [tomcat-shutdown] INFO  org.springframework.boot.tomcat.GracefulShutdown - Graceful shutdown complete
2026-05-03 22:27:56 [Thread-81] INFO  org.apache.coyote.http11.Http11NioProtocol - Stopping ProtocolHandler ["http-nio-8080"]
2026-05-03 22:27:56 [Thread-81] INFO  org.springframework.orm.jpa.LocalContainerEntityManagerFactoryBean - Closing JPA EntityManagerFactory for persistence unit 'default'
2026-05-03 22:27:56 [Thread-81] INFO  com.zaxxer.hikari.HikariDataSource - HikariPool-21 - Shutdown initiated...
2026-05-03 22:27:56 [Thread-81] INFO  com.zaxxer.hikari.HikariDataSource - HikariPool-21 - Shutdown completed.
2026-05-03 22:27:56 [restartedMain] INFO  com.example.coworking.CoworkingApplication - Starting CoworkingApplication using Java 17.0.18 with PID 57396 (/home/serega/IdeaProjects/coworking/target/classes started by serega in /home/serega/IdeaProjects/coworking)
2026-05-03 22:27:56 [restartedMain] INFO  com.example.coworking.CoworkingApplication - No active profile set, falling back to 1 default profile: "default"
2026-05-03 22:27:56 [restartedMain] INFO  org.springframework.data.repository.config.RepositoryConfigurationDelegate - Bootstrapping Spring Data JPA repositories in DEFAULT mode.
2026-05-03 22:27:56 [restartedMain] INFO  org.springframework.data.repository.config.RepositoryConfigurationDelegate - Finished Spring Data repository scanning in 12 ms. Found 5 JPA repository interfaces.
2026-05-03 22:27:57 [restartedMain] INFO  org.springframework.boot.tomcat.TomcatWebServer - Tomcat initialized with port 8080 (http)
2026-05-03 22:27:57 [restartedMain] INFO  org.apache.coyote.http11.Http11NioProtocol - Initializing ProtocolHandler ["http-nio-8080"]
2026-05-03 22:27:57 [restartedMain] INFO  org.apache.catalina.core.StandardService - Starting service [Tomcat]
2026-05-03 22:27:57 [restartedMain] INFO  org.apache.catalina.core.StandardEngine - Starting Servlet engine: [Apache Tomcat/11.0.18]
2026-05-03 22:27:57 [restartedMain] INFO  org.springframework.boot.web.context.servlet.WebApplicationContextInitializer - Root WebApplicationContext: initialization completed in 314 ms
2026-05-03 22:27:57 [restartedMain] INFO  org.hibernate.orm.jpa - HHH008540: Processing PersistenceUnitInfo [name: default]
2026-05-03 22:27:57 [restartedMain] INFO  org.springframework.orm.jpa.persistenceunit.SpringPersistenceUnitInfo - No LoadTimeWeaver setup: ignoring JPA class transformer
2026-05-03 22:27:57 [restartedMain] INFO  com.zaxxer.hikari.HikariDataSource - HikariPool-22 - Starting...
2026-05-03 22:27:57 [restartedMain] INFO  com.zaxxer.hikari.pool.HikariPool - HikariPool-22 - Added connection org.postgresql.jdbc.PgConnection@1ddb463e
2026-05-03 22:27:57 [restartedMain] INFO  com.zaxxer.hikari.HikariDataSource - HikariPool-22 - Start completed.
2026-05-03 22:27:57 [restartedMain] INFO  org.hibernate.orm.connections.pooling - HHH10001005: Database info:
	Database JDBC URL [jdbc:postgresql://localhost:5432/coworkingsdb]
	Database driver: PostgreSQL JDBC Driver
	Database dialect: PostgreSQLDialect
	Database version: 18.3
	Default catalog/schema: coworkingsdb/public
	Autocommit mode: undefined/unknown
	Isolation level: READ_COMMITTED [default READ_COMMITTED]
	JDBC fetch size: none
	Pool: DataSourceConnectionProvider
	Minimum pool size: undefined/unknown
	Maximum pool size: undefined/unknown
2026-05-03 22:27:57 [restartedMain] INFO  org.hibernate.orm.core - HHH000489: No JTA platform available (set 'hibernate.transaction.jta.platform' to enable JTA platform integration)
2026-05-03 22:27:57 [restartedMain] INFO  org.springframework.orm.jpa.LocalContainerEntityManagerFactoryBean - Initialized JPA EntityManagerFactory for persistence unit 'default'
2026-05-03 22:27:57 [restartedMain] INFO  org.apache.coyote.http11.Http11NioProtocol - Starting ProtocolHandler ["http-nio-8080"]
2026-05-03 22:27:57 [restartedMain] INFO  org.springframework.boot.tomcat.TomcatWebServer - Tomcat started on port 8080 (http) with context path '/'
2026-05-03 22:27:57 [restartedMain] INFO  com.example.coworking.CoworkingApplication - Started CoworkingApplication in 1.181 seconds (process running for 807.308)
2026-05-03 22:27:57 [restartedMain] INFO  org.springframework.boot.devtools.autoconfigure.ConditionEvaluationDeltaLoggingListener - Condition evaluation unchanged
2026-05-03 22:28:15 [File Watcher] INFO  org.springframework.boot.devtools.autoconfigure.LocalDevToolsAutoConfiguration$RestartingClassPathChangeChangedEventListener - Restarting due to 2 class path changes (0 additions, 2 deletions, 0 modifications)
2026-05-03 22:28:15 [Thread-85] INFO  org.springframework.boot.tomcat.GracefulShutdown - Commencing graceful shutdown. Waiting for active requests to complete
2026-05-03 22:28:15 [tomcat-shutdown] INFO  org.apache.coyote.http11.Http11NioProtocol - Pausing ProtocolHandler ["http-nio-8080"]
2026-05-03 22:28:15 [tomcat-shutdown] INFO  org.springframework.boot.tomcat.GracefulShutdown - Graceful shutdown complete
2026-05-03 22:28:15 [Thread-85] INFO  org.apache.coyote.http11.Http11NioProtocol - Stopping ProtocolHandler ["http-nio-8080"]
2026-05-03 22:28:15 [Thread-85] INFO  org.springframework.orm.jpa.LocalContainerEntityManagerFactoryBean - Closing JPA EntityManagerFactory for persistence unit 'default'
2026-05-03 22:28:15 [Thread-85] INFO  com.zaxxer.hikari.HikariDataSource - HikariPool-22 - Shutdown initiated...
2026-05-03 22:28:15 [Thread-85] INFO  com.zaxxer.hikari.HikariDataSource - HikariPool-22 - Shutdown completed.
2026-05-03 22:28:15 [restartedMain] INFO  com.example.coworking.CoworkingApplication - Starting CoworkingApplication using Java 17.0.18 with PID 57396 (/home/serega/IdeaProjects/coworking/target/classes started by serega in /home/serega/IdeaProjects/coworking)
2026-05-03 22:28:15 [restartedMain] INFO  com.example.coworking.CoworkingApplication - No active profile set, falling back to 1 default profile: "default"
2026-05-03 22:28:15 [restartedMain] INFO  org.springframework.data.repository.config.RepositoryConfigurationDelegate - Bootstrapping Spring Data JPA repositories in DEFAULT mode.
2026-05-03 22:28:15 [restartedMain] INFO  org.springframework.data.repository.config.RepositoryConfigurationDelegate - Finished Spring Data repository scanning in 24 ms. Found 5 JPA repository interfaces.
2026-05-03 22:28:15 [restartedMain] INFO  org.springframework.boot.tomcat.TomcatWebServer - Tomcat initialized with port 8080 (http)
2026-05-03 22:28:15 [restartedMain] INFO  org.apache.coyote.http11.Http11NioProtocol - Initializing ProtocolHandler ["http-nio-8080"]
2026-05-03 22:28:15 [restartedMain] INFO  org.apache.catalina.core.StandardService - Starting service [Tomcat]
2026-05-03 22:28:15 [restartedMain] INFO  org.apache.catalina.core.StandardEngine - Starting Servlet engine: [Apache Tomcat/11.0.18]
2026-05-03 22:28:15 [restartedMain] INFO  org.springframework.boot.web.context.servlet.WebApplicationContextInitializer - Root WebApplicationContext: initialization completed in 497 ms
2026-05-03 22:28:16 [restartedMain] INFO  org.hibernate.orm.jpa - HHH008540: Processing PersistenceUnitInfo [name: default]
2026-05-03 22:28:16 [restartedMain] INFO  org.springframework.orm.jpa.persistenceunit.SpringPersistenceUnitInfo - No LoadTimeWeaver setup: ignoring JPA class transformer
2026-05-03 22:28:16 [restartedMain] INFO  com.zaxxer.hikari.HikariDataSource - HikariPool-23 - Starting...
2026-05-03 22:28:16 [restartedMain] INFO  com.zaxxer.hikari.pool.HikariPool - HikariPool-23 - Added connection org.postgresql.jdbc.PgConnection@3294eaca
2026-05-03 22:28:16 [restartedMain] INFO  com.zaxxer.hikari.HikariDataSource - HikariPool-23 - Start completed.
2026-05-03 22:28:16 [restartedMain] INFO  org.hibernate.orm.connections.pooling - HHH10001005: Database info:
	Database JDBC URL [jdbc:postgresql://localhost:5432/coworkingsdb]
	Database driver: PostgreSQL JDBC Driver
	Database dialect: PostgreSQLDialect
	Database version: 18.3
	Default catalog/schema: coworkingsdb/public
	Autocommit mode: undefined/unknown
	Isolation level: READ_COMMITTED [default READ_COMMITTED]
	JDBC fetch size: none
	Pool: DataSourceConnectionProvider
	Minimum pool size: undefined/unknown
	Maximum pool size: undefined/unknown
2026-05-03 22:28:16 [restartedMain] INFO  org.hibernate.orm.core - HHH000489: No JTA platform available (set 'hibernate.transaction.jta.platform' to enable JTA platform integration)
2026-05-03 22:28:16 [restartedMain] INFO  org.springframework.orm.jpa.LocalContainerEntityManagerFactoryBean - Initialized JPA EntityManagerFactory for persistence unit 'default'
2026-05-03 22:28:17 [restartedMain] INFO  org.apache.coyote.http11.Http11NioProtocol - Starting ProtocolHandler ["http-nio-8080"]
2026-05-03 22:28:17 [restartedMain] INFO  org.springframework.boot.tomcat.TomcatWebServer - Tomcat started on port 8080 (http) with context path '/'
2026-05-03 22:28:17 [restartedMain] INFO  com.example.coworking.CoworkingApplication - Started CoworkingApplication in 1.863 seconds (process running for 826.697)
2026-05-03 22:28:17 [restartedMain] INFO  org.springframework.boot.devtools.autoconfigure.ConditionEvaluationDeltaLoggingListener - Condition evaluation unchanged
2026-05-03 22:28:18 [File Watcher] INFO  org.springframework.boot.devtools.autoconfigure.LocalDevToolsAutoConfiguration$RestartingClassPathChangeChangedEventListener - Restarting due to 2 class path changes (2 additions, 0 deletions, 0 modifications)
2026-05-03 22:28:18 [Thread-89] INFO  org.springframework.boot.tomcat.GracefulShutdown - Commencing graceful shutdown. Waiting for active requests to complete
2026-05-03 22:28:18 [tomcat-shutdown] INFO  org.apache.coyote.http11.Http11NioProtocol - Pausing ProtocolHandler ["http-nio-8080"]
2026-05-03 22:28:18 [tomcat-shutdown] INFO  org.springframework.boot.tomcat.GracefulShutdown - Graceful shutdown complete
2026-05-03 22:28:18 [Thread-89] INFO  org.apache.coyote.http11.Http11NioProtocol - Stopping ProtocolHandler ["http-nio-8080"]
2026-05-03 22:28:18 [Thread-89] INFO  org.springframework.orm.jpa.LocalContainerEntityManagerFactoryBean - Closing JPA EntityManagerFactory for persistence unit 'default'
2026-05-03 22:28:18 [Thread-89] INFO  com.zaxxer.hikari.HikariDataSource - HikariPool-23 - Shutdown initiated...
2026-05-03 22:28:18 [Thread-89] INFO  com.zaxxer.hikari.HikariDataSource - HikariPool-23 - Shutdown completed.
2026-05-03 22:28:18 [restartedMain] INFO  com.example.coworking.CoworkingApplication - Starting CoworkingApplication using Java 17.0.18 with PID 57396 (/home/serega/IdeaProjects/coworking/target/classes started by serega in /home/serega/IdeaProjects/coworking)
2026-05-03 22:28:18 [restartedMain] INFO  com.example.coworking.CoworkingApplication - No active profile set, falling back to 1 default profile: "default"
2026-05-03 22:28:18 [restartedMain] INFO  org.springframework.data.repository.config.RepositoryConfigurationDelegate - Bootstrapping Spring Data JPA repositories in DEFAULT mode.
2026-05-03 22:28:18 [restartedMain] INFO  org.springframework.data.repository.config.RepositoryConfigurationDelegate - Finished Spring Data repository scanning in 14 ms. Found 5 JPA repository interfaces.
2026-05-03 22:28:19 [restartedMain] INFO  org.springframework.boot.tomcat.TomcatWebServer - Tomcat initialized with port 8080 (http)
2026-05-03 22:28:19 [restartedMain] INFO  org.apache.coyote.http11.Http11NioProtocol - Initializing ProtocolHandler ["http-nio-8080"]
2026-05-03 22:28:19 [restartedMain] INFO  org.apache.catalina.core.StandardService - Starting service [Tomcat]
2026-05-03 22:28:19 [restartedMain] INFO  org.apache.catalina.core.StandardEngine - Starting Servlet engine: [Apache Tomcat/11.0.18]
2026-05-03 22:28:19 [restartedMain] INFO  org.springframework.boot.web.context.servlet.WebApplicationContextInitializer - Root WebApplicationContext: initialization completed in 382 ms
2026-05-03 22:28:19 [restartedMain] INFO  org.hibernate.orm.jpa - HHH008540: Processing PersistenceUnitInfo [name: default]
2026-05-03 22:28:19 [restartedMain] INFO  org.springframework.orm.jpa.persistenceunit.SpringPersistenceUnitInfo - No LoadTimeWeaver setup: ignoring JPA class transformer
2026-05-03 22:28:19 [restartedMain] INFO  com.zaxxer.hikari.HikariDataSource - HikariPool-24 - Starting...
2026-05-03 22:28:19 [restartedMain] INFO  com.zaxxer.hikari.pool.HikariPool - HikariPool-24 - Added connection org.postgresql.jdbc.PgConnection@90ca751
2026-05-03 22:28:19 [restartedMain] INFO  com.zaxxer.hikari.HikariDataSource - HikariPool-24 - Start completed.
2026-05-03 22:28:19 [restartedMain] INFO  org.hibernate.orm.connections.pooling - HHH10001005: Database info:
	Database JDBC URL [jdbc:postgresql://localhost:5432/coworkingsdb]
	Database driver: PostgreSQL JDBC Driver
	Database dialect: PostgreSQLDialect
	Database version: 18.3
	Default catalog/schema: coworkingsdb/public
	Autocommit mode: undefined/unknown
	Isolation level: READ_COMMITTED [default READ_COMMITTED]
	JDBC fetch size: none
	Pool: DataSourceConnectionProvider
	Minimum pool size: undefined/unknown
	Maximum pool size: undefined/unknown
2026-05-03 22:28:19 [restartedMain] INFO  org.hibernate.orm.core - HHH000489: No JTA platform available (set 'hibernate.transaction.jta.platform' to enable JTA platform integration)
2026-05-03 22:28:19 [restartedMain] INFO  org.springframework.orm.jpa.LocalContainerEntityManagerFactoryBean - Initialized JPA EntityManagerFactory for persistence unit 'default'
2026-05-03 22:28:20 [restartedMain] INFO  org.apache.coyote.http11.Http11NioProtocol - Starting ProtocolHandler ["http-nio-8080"]
2026-05-03 22:28:20 [restartedMain] INFO  org.springframework.boot.tomcat.TomcatWebServer - Tomcat started on port 8080 (http) with context path '/'
2026-05-03 22:28:20 [restartedMain] INFO  com.example.coworking.CoworkingApplication - Started CoworkingApplication in 1.325 seconds (process running for 829.445)
2026-05-03 22:28:20 [restartedMain] INFO  org.springframework.boot.devtools.autoconfigure.ConditionEvaluationDeltaLoggingListener - Condition evaluation unchanged
2026-05-03 22:30:33 [File Watcher] INFO  org.springframework.boot.devtools.autoconfigure.LocalDevToolsAutoConfiguration$RestartingClassPathChangeChangedEventListener - Restarting due to 2 class path changes (0 additions, 2 deletions, 0 modifications)
2026-05-03 22:30:33 [Thread-93] INFO  org.springframework.boot.tomcat.GracefulShutdown - Commencing graceful shutdown. Waiting for active requests to complete
2026-05-03 22:30:33 [tomcat-shutdown] INFO  org.apache.coyote.http11.Http11NioProtocol - Pausing ProtocolHandler ["http-nio-8080"]
2026-05-03 22:30:33 [tomcat-shutdown] INFO  org.springframework.boot.tomcat.GracefulShutdown - Graceful shutdown complete
2026-05-03 22:30:33 [Thread-93] INFO  org.apache.coyote.http11.Http11NioProtocol - Stopping ProtocolHandler ["http-nio-8080"]
2026-05-03 22:30:33 [Thread-93] INFO  org.springframework.orm.jpa.LocalContainerEntityManagerFactoryBean - Closing JPA EntityManagerFactory for persistence unit 'default'
2026-05-03 22:30:33 [Thread-93] INFO  com.zaxxer.hikari.HikariDataSource - HikariPool-24 - Shutdown initiated...
2026-05-03 22:30:33 [Thread-93] INFO  com.zaxxer.hikari.HikariDataSource - HikariPool-24 - Shutdown completed.
2026-05-03 22:30:33 [restartedMain] INFO  com.example.coworking.CoworkingApplication - Starting CoworkingApplication using Java 17.0.18 with PID 57396 (/home/serega/IdeaProjects/coworking/target/classes started by serega in /home/serega/IdeaProjects/coworking)
2026-05-03 22:30:33 [restartedMain] INFO  com.example.coworking.CoworkingApplication - No active profile set, falling back to 1 default profile: "default"
2026-05-03 22:30:34 [restartedMain] INFO  org.springframework.data.repository.config.RepositoryConfigurationDelegate - Bootstrapping Spring Data JPA repositories in DEFAULT mode.
2026-05-03 22:30:34 [restartedMain] INFO  org.springframework.data.repository.config.RepositoryConfigurationDelegate - Finished Spring Data repository scanning in 12 ms. Found 5 JPA repository interfaces.
2026-05-03 22:30:34 [restartedMain] INFO  org.springframework.boot.tomcat.TomcatWebServer - Tomcat initialized with port 8080 (http)
2026-05-03 22:30:34 [restartedMain] INFO  org.apache.coyote.http11.Http11NioProtocol - Initializing ProtocolHandler ["http-nio-8080"]
2026-05-03 22:30:34 [restartedMain] INFO  org.apache.catalina.core.StandardService - Starting service [Tomcat]
2026-05-03 22:30:34 [restartedMain] INFO  org.apache.catalina.core.StandardEngine - Starting Servlet engine: [Apache Tomcat/11.0.18]
2026-05-03 22:30:34 [restartedMain] INFO  org.springframework.boot.web.context.servlet.WebApplicationContextInitializer - Root WebApplicationContext: initialization completed in 415 ms
2026-05-03 22:30:34 [restartedMain] INFO  org.hibernate.orm.jpa - HHH008540: Processing PersistenceUnitInfo [name: default]
2026-05-03 22:30:34 [restartedMain] INFO  org.springframework.orm.jpa.persistenceunit.SpringPersistenceUnitInfo - No LoadTimeWeaver setup: ignoring JPA class transformer
2026-05-03 22:30:34 [restartedMain] INFO  com.zaxxer.hikari.HikariDataSource - HikariPool-25 - Starting...
2026-05-03 22:30:34 [restartedMain] INFO  com.zaxxer.hikari.pool.HikariPool - HikariPool-25 - Added connection org.postgresql.jdbc.PgConnection@2c13a01a
2026-05-03 22:30:34 [restartedMain] INFO  com.zaxxer.hikari.HikariDataSource - HikariPool-25 - Start completed.
2026-05-03 22:30:34 [restartedMain] INFO  org.hibernate.orm.connections.pooling - HHH10001005: Database info:
	Database JDBC URL [jdbc:postgresql://localhost:5432/coworkingsdb]
	Database driver: PostgreSQL JDBC Driver
	Database dialect: PostgreSQLDialect
	Database version: 18.3
	Default catalog/schema: coworkingsdb/public
	Autocommit mode: undefined/unknown
	Isolation level: READ_COMMITTED [default READ_COMMITTED]
	JDBC fetch size: none
	Pool: DataSourceConnectionProvider
	Minimum pool size: undefined/unknown
	Maximum pool size: undefined/unknown
2026-05-03 22:30:34 [restartedMain] INFO  org.hibernate.orm.core - HHH000489: No JTA platform available (set 'hibernate.transaction.jta.platform' to enable JTA platform integration)
2026-05-03 22:30:34 [restartedMain] INFO  org.springframework.orm.jpa.LocalContainerEntityManagerFactoryBean - Initialized JPA EntityManagerFactory for persistence unit 'default'
2026-05-03 22:30:35 [restartedMain] INFO  org.apache.coyote.http11.Http11NioProtocol - Starting ProtocolHandler ["http-nio-8080"]
2026-05-03 22:30:35 [restartedMain] INFO  org.springframework.boot.tomcat.TomcatWebServer - Tomcat started on port 8080 (http) with context path '/'
2026-05-03 22:30:35 [restartedMain] INFO  com.example.coworking.CoworkingApplication - Started CoworkingApplication in 1.612 seconds (process running for 964.774)
2026-05-03 22:30:35 [restartedMain] INFO  org.springframework.boot.devtools.autoconfigure.ConditionEvaluationDeltaLoggingListener - Condition evaluation unchanged
2026-05-03 22:30:36 [File Watcher] INFO  org.springframework.boot.devtools.autoconfigure.LocalDevToolsAutoConfiguration$RestartingClassPathChangeChangedEventListener - Restarting due to 2 class path changes (2 additions, 0 deletions, 0 modifications)
2026-05-03 22:30:36 [Thread-97] INFO  org.springframework.boot.tomcat.GracefulShutdown - Commencing graceful shutdown. Waiting for active requests to complete
2026-05-03 22:30:36 [tomcat-shutdown] INFO  org.apache.coyote.http11.Http11NioProtocol - Pausing ProtocolHandler ["http-nio-8080"]
2026-05-03 22:30:36 [tomcat-shutdown] INFO  org.springframework.boot.tomcat.GracefulShutdown - Graceful shutdown complete
2026-05-03 22:30:36 [Thread-97] INFO  org.apache.coyote.http11.Http11NioProtocol - Stopping ProtocolHandler ["http-nio-8080"]
2026-05-03 22:30:36 [Thread-97] INFO  org.springframework.orm.jpa.LocalContainerEntityManagerFactoryBean - Closing JPA EntityManagerFactory for persistence unit 'default'
2026-05-03 22:30:36 [Thread-97] INFO  com.zaxxer.hikari.HikariDataSource - HikariPool-25 - Shutdown initiated...
2026-05-03 22:30:36 [Thread-97] INFO  com.zaxxer.hikari.HikariDataSource - HikariPool-25 - Shutdown completed.
2026-05-03 22:30:37 [restartedMain] INFO  com.example.coworking.CoworkingApplication - Starting CoworkingApplication using Java 17.0.18 with PID 57396 (/home/serega/IdeaProjects/coworking/target/classes started by serega in /home/serega/IdeaProjects/coworking)
2026-05-03 22:30:37 [restartedMain] INFO  com.example.coworking.CoworkingApplication - No active profile set, falling back to 1 default profile: "default"
2026-05-03 22:30:37 [restartedMain] INFO  org.springframework.data.repository.config.RepositoryConfigurationDelegate - Bootstrapping Spring Data JPA repositories in DEFAULT mode.
2026-05-03 22:30:37 [restartedMain] INFO  org.springframework.data.repository.config.RepositoryConfigurationDelegate - Finished Spring Data repository scanning in 8 ms. Found 5 JPA repository interfaces.
2026-05-03 22:30:37 [restartedMain] INFO  org.springframework.boot.tomcat.TomcatWebServer - Tomcat initialized with port 8080 (http)
2026-05-03 22:30:37 [restartedMain] INFO  org.apache.coyote.http11.Http11NioProtocol - Initializing ProtocolHandler ["http-nio-8080"]
2026-05-03 22:30:37 [restartedMain] INFO  org.apache.catalina.core.StandardService - Starting service [Tomcat]
2026-05-03 22:30:37 [restartedMain] INFO  org.apache.catalina.core.StandardEngine - Starting Servlet engine: [Apache Tomcat/11.0.18]
2026-05-03 22:30:37 [restartedMain] INFO  org.springframework.boot.web.context.servlet.WebApplicationContextInitializer - Root WebApplicationContext: initialization completed in 222 ms
2026-05-03 22:30:37 [restartedMain] INFO  org.hibernate.orm.jpa - HHH008540: Processing PersistenceUnitInfo [name: default]
2026-05-03 22:30:37 [restartedMain] INFO  org.springframework.orm.jpa.persistenceunit.SpringPersistenceUnitInfo - No LoadTimeWeaver setup: ignoring JPA class transformer
2026-05-03 22:30:37 [restartedMain] INFO  com.zaxxer.hikari.HikariDataSource - HikariPool-26 - Starting...
2026-05-03 22:30:37 [restartedMain] INFO  com.zaxxer.hikari.pool.HikariPool - HikariPool-26 - Added connection org.postgresql.jdbc.PgConnection@5ad7a103
2026-05-03 22:30:37 [restartedMain] INFO  com.zaxxer.hikari.HikariDataSource - HikariPool-26 - Start completed.
2026-05-03 22:30:37 [restartedMain] INFO  org.hibernate.orm.connections.pooling - HHH10001005: Database info:
	Database JDBC URL [jdbc:postgresql://localhost:5432/coworkingsdb]
	Database driver: PostgreSQL JDBC Driver
	Database dialect: PostgreSQLDialect
	Database version: 18.3
	Default catalog/schema: coworkingsdb/public
	Autocommit mode: undefined/unknown
	Isolation level: READ_COMMITTED [default READ_COMMITTED]
	JDBC fetch size: none
	Pool: DataSourceConnectionProvider
	Minimum pool size: undefined/unknown
	Maximum pool size: undefined/unknown
2026-05-03 22:30:37 [restartedMain] INFO  org.hibernate.orm.core - HHH000489: No JTA platform available (set 'hibernate.transaction.jta.platform' to enable JTA platform integration)
2026-05-03 22:30:37 [restartedMain] INFO  org.springframework.orm.jpa.LocalContainerEntityManagerFactoryBean - Initialized JPA EntityManagerFactory for persistence unit 'default'
2026-05-03 22:30:37 [restartedMain] INFO  org.apache.coyote.http11.Http11NioProtocol - Starting ProtocolHandler ["http-nio-8080"]
2026-05-03 22:30:37 [restartedMain] INFO  org.springframework.boot.tomcat.TomcatWebServer - Tomcat started on port 8080 (http) with context path '/'
2026-05-03 22:30:37 [restartedMain] INFO  com.example.coworking.CoworkingApplication - Started CoworkingApplication in 0.929 seconds (process running for 967.292)
2026-05-03 22:30:37 [restartedMain] INFO  org.springframework.boot.devtools.autoconfigure.ConditionEvaluationDeltaLoggingListener - Condition evaluation unchanged
2026-05-03 22:33:23 [File Watcher] INFO  org.springframework.boot.devtools.autoconfigure.LocalDevToolsAutoConfiguration$RestartingClassPathChangeChangedEventListener - Restarting due to 1 class path change (0 additions, 1 deletion, 0 modifications)
2026-05-03 22:33:23 [Thread-101] INFO  org.springframework.boot.tomcat.GracefulShutdown - Commencing graceful shutdown. Waiting for active requests to complete
2026-05-03 22:33:23 [tomcat-shutdown] INFO  org.apache.coyote.http11.Http11NioProtocol - Pausing ProtocolHandler ["http-nio-8080"]
2026-05-03 22:33:23 [tomcat-shutdown] INFO  org.springframework.boot.tomcat.GracefulShutdown - Graceful shutdown complete
2026-05-03 22:33:23 [Thread-101] INFO  org.apache.coyote.http11.Http11NioProtocol - Stopping ProtocolHandler ["http-nio-8080"]
2026-05-03 22:33:23 [Thread-101] INFO  org.springframework.orm.jpa.LocalContainerEntityManagerFactoryBean - Closing JPA EntityManagerFactory for persistence unit 'default'
2026-05-03 22:33:23 [Thread-101] INFO  com.zaxxer.hikari.HikariDataSource - HikariPool-26 - Shutdown initiated...
2026-05-03 22:33:23 [Thread-101] INFO  com.zaxxer.hikari.HikariDataSource - HikariPool-26 - Shutdown completed.
2026-05-03 22:33:23 [restartedMain] INFO  com.example.coworking.CoworkingApplication - Starting CoworkingApplication using Java 17.0.18 with PID 57396 (/home/serega/IdeaProjects/coworking/target/classes started by serega in /home/serega/IdeaProjects/coworking)
2026-05-03 22:33:23 [restartedMain] INFO  com.example.coworking.CoworkingApplication - No active profile set, falling back to 1 default profile: "default"
2026-05-03 22:33:23 [restartedMain] INFO  org.springframework.data.repository.config.RepositoryConfigurationDelegate - Bootstrapping Spring Data JPA repositories in DEFAULT mode.
2026-05-03 22:33:24 [restartedMain] INFO  org.springframework.data.repository.config.RepositoryConfigurationDelegate - Finished Spring Data repository scanning in 13 ms. Found 5 JPA repository interfaces.
2026-05-03 22:33:24 [restartedMain] INFO  org.springframework.boot.tomcat.TomcatWebServer - Tomcat initialized with port 8080 (http)
2026-05-03 22:33:24 [restartedMain] INFO  org.apache.coyote.http11.Http11NioProtocol - Initializing ProtocolHandler ["http-nio-8080"]
2026-05-03 22:33:24 [restartedMain] INFO  org.apache.catalina.core.StandardService - Starting service [Tomcat]
2026-05-03 22:33:24 [restartedMain] INFO  org.apache.catalina.core.StandardEngine - Starting Servlet engine: [Apache Tomcat/11.0.18]
2026-05-03 22:33:24 [restartedMain] INFO  org.springframework.boot.web.context.servlet.WebApplicationContextInitializer - Root WebApplicationContext: initialization completed in 380 ms
2026-05-03 22:33:24 [restartedMain] INFO  org.hibernate.orm.jpa - HHH008540: Processing PersistenceUnitInfo [name: default]
2026-05-03 22:33:24 [restartedMain] INFO  org.springframework.orm.jpa.persistenceunit.SpringPersistenceUnitInfo - No LoadTimeWeaver setup: ignoring JPA class transformer
2026-05-03 22:33:24 [restartedMain] INFO  com.zaxxer.hikari.HikariDataSource - HikariPool-27 - Starting...
2026-05-03 22:33:24 [restartedMain] INFO  com.zaxxer.hikari.pool.HikariPool - HikariPool-27 - Added connection org.postgresql.jdbc.PgConnection@2169048d
2026-05-03 22:33:24 [restartedMain] INFO  com.zaxxer.hikari.HikariDataSource - HikariPool-27 - Start completed.
2026-05-03 22:33:24 [restartedMain] INFO  org.hibernate.orm.connections.pooling - HHH10001005: Database info:
	Database JDBC URL [jdbc:postgresql://localhost:5432/coworkingsdb]
	Database driver: PostgreSQL JDBC Driver
	Database dialect: PostgreSQLDialect
	Database version: 18.3
	Default catalog/schema: coworkingsdb/public
	Autocommit mode: undefined/unknown
	Isolation level: READ_COMMITTED [default READ_COMMITTED]
	JDBC fetch size: none
	Pool: DataSourceConnectionProvider
	Minimum pool size: undefined/unknown
	Maximum pool size: undefined/unknown
2026-05-03 22:33:24 [restartedMain] INFO  org.hibernate.orm.core - HHH000489: No JTA platform available (set 'hibernate.transaction.jta.platform' to enable JTA platform integration)
2026-05-03 22:33:24 [restartedMain] INFO  org.springframework.orm.jpa.LocalContainerEntityManagerFactoryBean - Initialized JPA EntityManagerFactory for persistence unit 'default'
2026-05-03 22:33:24 [restartedMain] INFO  org.apache.coyote.http11.Http11NioProtocol - Starting ProtocolHandler ["http-nio-8080"]
2026-05-03 22:33:24 [restartedMain] INFO  org.springframework.boot.tomcat.TomcatWebServer - Tomcat started on port 8080 (http) with context path '/'
2026-05-03 22:33:25 [restartedMain] INFO  com.example.coworking.CoworkingApplication - Started CoworkingApplication in 1.285 seconds (process running for 1134.39)
2026-05-03 22:33:25 [restartedMain] INFO  org.springframework.boot.devtools.autoconfigure.ConditionEvaluationDeltaLoggingListener - Condition evaluation unchanged
2026-05-03 22:33:26 [File Watcher] INFO  org.springframework.boot.devtools.autoconfigure.LocalDevToolsAutoConfiguration$RestartingClassPathChangeChangedEventListener - Restarting due to 1 class path change (1 addition, 0 deletions, 0 modifications)
2026-05-03 22:33:26 [Thread-105] INFO  org.springframework.boot.tomcat.GracefulShutdown - Commencing graceful shutdown. Waiting for active requests to complete
2026-05-03 22:33:26 [tomcat-shutdown] INFO  org.apache.coyote.http11.Http11NioProtocol - Pausing ProtocolHandler ["http-nio-8080"]
2026-05-03 22:33:26 [tomcat-shutdown] INFO  org.springframework.boot.tomcat.GracefulShutdown - Graceful shutdown complete
2026-05-03 22:33:26 [Thread-105] INFO  org.apache.coyote.http11.Http11NioProtocol - Stopping ProtocolHandler ["http-nio-8080"]
2026-05-03 22:33:26 [Thread-105] INFO  org.springframework.orm.jpa.LocalContainerEntityManagerFactoryBean - Closing JPA EntityManagerFactory for persistence unit 'default'
2026-05-03 22:33:26 [Thread-105] INFO  com.zaxxer.hikari.HikariDataSource - HikariPool-27 - Shutdown initiated...
2026-05-03 22:33:26 [Thread-105] INFO  com.zaxxer.hikari.HikariDataSource - HikariPool-27 - Shutdown completed.
2026-05-03 22:33:26 [restartedMain] INFO  com.example.coworking.CoworkingApplication - Starting CoworkingApplication using Java 17.0.18 with PID 57396 (/home/serega/IdeaProjects/coworking/target/classes started by serega in /home/serega/IdeaProjects/coworking)
2026-05-03 22:33:26 [restartedMain] INFO  com.example.coworking.CoworkingApplication - No active profile set, falling back to 1 default profile: "default"
2026-05-03 22:33:26 [restartedMain] INFO  org.springframework.data.repository.config.RepositoryConfigurationDelegate - Bootstrapping Spring Data JPA repositories in DEFAULT mode.
2026-05-03 22:33:26 [restartedMain] INFO  org.springframework.data.repository.config.RepositoryConfigurationDelegate - Finished Spring Data repository scanning in 19 ms. Found 5 JPA repository interfaces.
2026-05-03 22:33:26 [restartedMain] INFO  org.springframework.boot.tomcat.TomcatWebServer - Tomcat initialized with port 8080 (http)
2026-05-03 22:33:26 [restartedMain] INFO  org.apache.coyote.http11.Http11NioProtocol - Initializing ProtocolHandler ["http-nio-8080"]
2026-05-03 22:33:26 [restartedMain] INFO  org.apache.catalina.core.StandardService - Starting service [Tomcat]
2026-05-03 22:33:26 [restartedMain] INFO  org.apache.catalina.core.StandardEngine - Starting Servlet engine: [Apache Tomcat/11.0.18]
2026-05-03 22:33:26 [restartedMain] INFO  org.springframework.boot.web.context.servlet.WebApplicationContextInitializer - Root WebApplicationContext: initialization completed in 436 ms
2026-05-03 22:33:27 [restartedMain] INFO  org.hibernate.orm.jpa - HHH008540: Processing PersistenceUnitInfo [name: default]
2026-05-03 22:33:27 [restartedMain] INFO  org.springframework.orm.jpa.persistenceunit.SpringPersistenceUnitInfo - No LoadTimeWeaver setup: ignoring JPA class transformer
2026-05-03 22:33:27 [restartedMain] INFO  com.zaxxer.hikari.HikariDataSource - HikariPool-28 - Starting...
2026-05-03 22:33:27 [restartedMain] INFO  com.zaxxer.hikari.pool.HikariPool - HikariPool-28 - Added connection org.postgresql.jdbc.PgConnection@12f9d3b
2026-05-03 22:33:27 [restartedMain] INFO  com.zaxxer.hikari.HikariDataSource - HikariPool-28 - Start completed.
2026-05-03 22:33:27 [restartedMain] INFO  org.hibernate.orm.connections.pooling - HHH10001005: Database info:
	Database JDBC URL [jdbc:postgresql://localhost:5432/coworkingsdb]
	Database driver: PostgreSQL JDBC Driver
	Database dialect: PostgreSQLDialect
	Database version: 18.3
	Default catalog/schema: coworkingsdb/public
	Autocommit mode: undefined/unknown
	Isolation level: READ_COMMITTED [default READ_COMMITTED]
	JDBC fetch size: none
	Pool: DataSourceConnectionProvider
	Minimum pool size: undefined/unknown
	Maximum pool size: undefined/unknown
2026-05-03 22:33:27 [restartedMain] INFO  org.hibernate.orm.core - HHH000489: No JTA platform available (set 'hibernate.transaction.jta.platform' to enable JTA platform integration)
2026-05-03 22:33:27 [restartedMain] INFO  org.springframework.orm.jpa.LocalContainerEntityManagerFactoryBean - Initialized JPA EntityManagerFactory for persistence unit 'default'
2026-05-03 22:33:27 [restartedMain] INFO  org.apache.coyote.http11.Http11NioProtocol - Starting ProtocolHandler ["http-nio-8080"]
2026-05-03 22:33:27 [restartedMain] INFO  org.springframework.boot.tomcat.TomcatWebServer - Tomcat started on port 8080 (http) with context path '/'
2026-05-03 22:33:27 [restartedMain] INFO  com.example.coworking.CoworkingApplication - Started CoworkingApplication in 1.487 seconds (process running for 1137.337)
2026-05-03 22:33:27 [restartedMain] INFO  org.springframework.boot.devtools.autoconfigure.ConditionEvaluationDeltaLoggingListener - Condition evaluation unchanged
2026-05-03 22:33:29 [File Watcher] INFO  org.springframework.boot.devtools.autoconfigure.LocalDevToolsAutoConfiguration$RestartingClassPathChangeChangedEventListener - Restarting due to 1 class path change (0 additions, 0 deletions, 1 modification)
2026-05-03 22:33:29 [Thread-109] INFO  org.springframework.boot.tomcat.GracefulShutdown - Commencing graceful shutdown. Waiting for active requests to complete
2026-05-03 22:33:29 [tomcat-shutdown] INFO  org.apache.coyote.http11.Http11NioProtocol - Pausing ProtocolHandler ["http-nio-8080"]
2026-05-03 22:33:29 [tomcat-shutdown] INFO  org.springframework.boot.tomcat.GracefulShutdown - Graceful shutdown complete
2026-05-03 22:33:29 [Thread-109] INFO  org.apache.coyote.http11.Http11NioProtocol - Stopping ProtocolHandler ["http-nio-8080"]
2026-05-03 22:33:29 [Thread-109] INFO  org.springframework.orm.jpa.LocalContainerEntityManagerFactoryBean - Closing JPA EntityManagerFactory for persistence unit 'default'
2026-05-03 22:33:29 [Thread-109] INFO  com.zaxxer.hikari.HikariDataSource - HikariPool-28 - Shutdown initiated...
2026-05-03 22:33:29 [Thread-109] INFO  com.zaxxer.hikari.HikariDataSource - HikariPool-28 - Shutdown completed.
2026-05-03 22:33:29 [restartedMain] INFO  com.example.coworking.CoworkingApplication - Starting CoworkingApplication using Java 17.0.18 with PID 57396 (/home/serega/IdeaProjects/coworking/target/classes started by serega in /home/serega/IdeaProjects/coworking)
2026-05-03 22:33:29 [restartedMain] INFO  com.example.coworking.CoworkingApplication - No active profile set, falling back to 1 default profile: "default"
2026-05-03 22:33:29 [restartedMain] INFO  org.springframework.data.repository.config.RepositoryConfigurationDelegate - Bootstrapping Spring Data JPA repositories in DEFAULT mode.
2026-05-03 22:33:29 [restartedMain] INFO  org.springframework.data.repository.config.RepositoryConfigurationDelegate - Finished Spring Data repository scanning in 9 ms. Found 5 JPA repository interfaces.
2026-05-03 22:33:29 [restartedMain] INFO  org.springframework.boot.tomcat.TomcatWebServer - Tomcat initialized with port 8080 (http)
2026-05-03 22:33:29 [restartedMain] INFO  org.apache.coyote.http11.Http11NioProtocol - Initializing ProtocolHandler ["http-nio-8080"]
2026-05-03 22:33:29 [restartedMain] INFO  org.apache.catalina.core.StandardService - Starting service [Tomcat]
2026-05-03 22:33:29 [restartedMain] INFO  org.apache.catalina.core.StandardEngine - Starting Servlet engine: [Apache Tomcat/11.0.18]
2026-05-03 22:33:29 [restartedMain] INFO  org.springframework.boot.web.context.servlet.WebApplicationContextInitializer - Root WebApplicationContext: initialization completed in 279 ms
2026-05-03 22:33:29 [restartedMain] INFO  org.hibernate.orm.jpa - HHH008540: Processing PersistenceUnitInfo [name: default]
2026-05-03 22:33:29 [restartedMain] INFO  org.springframework.orm.jpa.persistenceunit.SpringPersistenceUnitInfo - No LoadTimeWeaver setup: ignoring JPA class transformer
2026-05-03 22:33:29 [restartedMain] INFO  com.zaxxer.hikari.HikariDataSource - HikariPool-29 - Starting...
2026-05-03 22:33:29 [restartedMain] INFO  com.zaxxer.hikari.pool.HikariPool - HikariPool-29 - Added connection org.postgresql.jdbc.PgConnection@2d66e60b
2026-05-03 22:33:29 [restartedMain] INFO  com.zaxxer.hikari.HikariDataSource - HikariPool-29 - Start completed.
2026-05-03 22:33:29 [restartedMain] INFO  org.hibernate.orm.connections.pooling - HHH10001005: Database info:
	Database JDBC URL [jdbc:postgresql://localhost:5432/coworkingsdb]
	Database driver: PostgreSQL JDBC Driver
	Database dialect: PostgreSQLDialect
	Database version: 18.3
	Default catalog/schema: coworkingsdb/public
	Autocommit mode: undefined/unknown
	Isolation level: READ_COMMITTED [default READ_COMMITTED]
	JDBC fetch size: none
	Pool: DataSourceConnectionProvider
	Minimum pool size: undefined/unknown
	Maximum pool size: undefined/unknown
2026-05-03 22:33:29 [restartedMain] INFO  org.hibernate.orm.core - HHH000489: No JTA platform available (set 'hibernate.transaction.jta.platform' to enable JTA platform integration)
2026-05-03 22:33:29 [restartedMain] INFO  org.springframework.orm.jpa.LocalContainerEntityManagerFactoryBean - Initialized JPA EntityManagerFactory for persistence unit 'default'
2026-05-03 22:33:30 [restartedMain] INFO  org.apache.coyote.http11.Http11NioProtocol - Starting ProtocolHandler ["http-nio-8080"]
2026-05-03 22:33:30 [restartedMain] INFO  org.springframework.boot.tomcat.TomcatWebServer - Tomcat started on port 8080 (http) with context path '/'
2026-05-03 22:33:30 [restartedMain] INFO  com.example.coworking.CoworkingApplication - Started CoworkingApplication in 1.011 seconds (process running for 1139.801)
2026-05-03 22:33:30 [restartedMain] INFO  org.springframework.boot.devtools.autoconfigure.ConditionEvaluationDeltaLoggingListener - Condition evaluation unchanged
2026-05-03 22:33:38 [File Watcher] INFO  org.springframework.boot.devtools.autoconfigure.LocalDevToolsAutoConfiguration$RestartingClassPathChangeChangedEventListener - Restarting due to 1 class path change (0 additions, 1 deletion, 0 modifications)
2026-05-03 22:33:38 [Thread-113] INFO  org.springframework.boot.tomcat.GracefulShutdown - Commencing graceful shutdown. Waiting for active requests to complete
2026-05-03 22:33:38 [tomcat-shutdown] INFO  org.apache.coyote.http11.Http11NioProtocol - Pausing ProtocolHandler ["http-nio-8080"]
2026-05-03 22:33:38 [tomcat-shutdown] INFO  org.springframework.boot.tomcat.GracefulShutdown - Graceful shutdown complete
2026-05-03 22:33:38 [Thread-113] INFO  org.apache.coyote.http11.Http11NioProtocol - Stopping ProtocolHandler ["http-nio-8080"]
2026-05-03 22:33:38 [Thread-113] INFO  org.springframework.orm.jpa.LocalContainerEntityManagerFactoryBean - Closing JPA EntityManagerFactory for persistence unit 'default'
2026-05-03 22:33:38 [Thread-113] INFO  com.zaxxer.hikari.HikariDataSource - HikariPool-29 - Shutdown initiated...
2026-05-03 22:33:38 [Thread-113] INFO  com.zaxxer.hikari.HikariDataSource - HikariPool-29 - Shutdown completed.
2026-05-03 22:33:38 [restartedMain] INFO  com.example.coworking.CoworkingApplication - Starting CoworkingApplication using Java 17.0.18 with PID 57396 (/home/serega/IdeaProjects/coworking/target/classes started by serega in /home/serega/IdeaProjects/coworking)
2026-05-03 22:33:38 [restartedMain] INFO  com.example.coworking.CoworkingApplication - No active profile set, falling back to 1 default profile: "default"
2026-05-03 22:33:39 [restartedMain] INFO  org.springframework.data.repository.config.RepositoryConfigurationDelegate - Bootstrapping Spring Data JPA repositories in DEFAULT mode.
2026-05-03 22:33:39 [restartedMain] INFO  org.springframework.data.repository.config.RepositoryConfigurationDelegate - Finished Spring Data repository scanning in 18 ms. Found 5 JPA repository interfaces.
2026-05-03 22:33:39 [restartedMain] INFO  org.springframework.boot.tomcat.TomcatWebServer - Tomcat initialized with port 8080 (http)
2026-05-03 22:33:39 [restartedMain] INFO  org.apache.coyote.http11.Http11NioProtocol - Initializing ProtocolHandler ["http-nio-8080"]
2026-05-03 22:33:39 [restartedMain] INFO  org.apache.catalina.core.StandardService - Starting service [Tomcat]
2026-05-03 22:33:39 [restartedMain] INFO  org.apache.catalina.core.StandardEngine - Starting Servlet engine: [Apache Tomcat/11.0.18]
2026-05-03 22:33:39 [restartedMain] INFO  org.springframework.boot.web.context.servlet.WebApplicationContextInitializer - Root WebApplicationContext: initialization completed in 435 ms
2026-05-03 22:33:39 [restartedMain] INFO  org.hibernate.orm.jpa - HHH008540: Processing PersistenceUnitInfo [name: default]
2026-05-03 22:33:39 [restartedMain] INFO  org.springframework.orm.jpa.persistenceunit.SpringPersistenceUnitInfo - No LoadTimeWeaver setup: ignoring JPA class transformer
2026-05-03 22:33:39 [restartedMain] INFO  com.zaxxer.hikari.HikariDataSource - HikariPool-30 - Starting...
2026-05-03 22:33:39 [restartedMain] INFO  com.zaxxer.hikari.pool.HikariPool - HikariPool-30 - Added connection org.postgresql.jdbc.PgConnection@79668f7f
2026-05-03 22:33:39 [restartedMain] INFO  com.zaxxer.hikari.HikariDataSource - HikariPool-30 - Start completed.
2026-05-03 22:33:39 [restartedMain] INFO  org.hibernate.orm.connections.pooling - HHH10001005: Database info:
	Database JDBC URL [jdbc:postgresql://localhost:5432/coworkingsdb]
	Database driver: PostgreSQL JDBC Driver
	Database dialect: PostgreSQLDialect
	Database version: 18.3
	Default catalog/schema: coworkingsdb/public
	Autocommit mode: undefined/unknown
	Isolation level: READ_COMMITTED [default READ_COMMITTED]
	JDBC fetch size: none
	Pool: DataSourceConnectionProvider
	Minimum pool size: undefined/unknown
	Maximum pool size: undefined/unknown
2026-05-03 22:33:39 [restartedMain] INFO  org.hibernate.orm.core - HHH000489: No JTA platform available (set 'hibernate.transaction.jta.platform' to enable JTA platform integration)
2026-05-03 22:33:39 [restartedMain] INFO  org.springframework.orm.jpa.LocalContainerEntityManagerFactoryBean - Initialized JPA EntityManagerFactory for persistence unit 'default'
2026-05-03 22:33:40 [restartedMain] INFO  org.apache.coyote.http11.Http11NioProtocol - Starting ProtocolHandler ["http-nio-8080"]
2026-05-03 22:33:40 [restartedMain] INFO  org.springframework.boot.tomcat.TomcatWebServer - Tomcat started on port 8080 (http) with context path '/'
2026-05-03 22:33:40 [restartedMain] INFO  com.example.coworking.CoworkingApplication - Started CoworkingApplication in 1.735 seconds (process running for 1150.044)
2026-05-03 22:33:40 [restartedMain] INFO  org.springframework.boot.devtools.autoconfigure.ConditionEvaluationDeltaLoggingListener - Condition evaluation unchanged
2026-05-03 22:33:42 [File Watcher] INFO  org.springframework.boot.devtools.autoconfigure.LocalDevToolsAutoConfiguration$RestartingClassPathChangeChangedEventListener - Restarting due to 1 class path change (1 addition, 0 deletions, 0 modifications)
2026-05-03 22:33:42 [Thread-117] INFO  org.springframework.boot.tomcat.GracefulShutdown - Commencing graceful shutdown. Waiting for active requests to complete
2026-05-03 22:33:42 [tomcat-shutdown] INFO  org.apache.coyote.http11.Http11NioProtocol - Pausing ProtocolHandler ["http-nio-8080"]
2026-05-03 22:33:42 [tomcat-shutdown] INFO  org.springframework.boot.tomcat.GracefulShutdown - Graceful shutdown complete
2026-05-03 22:33:42 [Thread-117] INFO  org.apache.coyote.http11.Http11NioProtocol - Stopping ProtocolHandler ["http-nio-8080"]
2026-05-03 22:33:42 [Thread-117] INFO  org.springframework.orm.jpa.LocalContainerEntityManagerFactoryBean - Closing JPA EntityManagerFactory for persistence unit 'default'
2026-05-03 22:33:42 [Thread-117] INFO  com.zaxxer.hikari.HikariDataSource - HikariPool-30 - Shutdown initiated...
2026-05-03 22:33:42 [Thread-117] INFO  com.zaxxer.hikari.HikariDataSource - HikariPool-30 - Shutdown completed.
2026-05-03 22:33:42 [restartedMain] INFO  com.example.coworking.CoworkingApplication - Starting CoworkingApplication using Java 17.0.18 with PID 57396 (/home/serega/IdeaProjects/coworking/target/classes started by serega in /home/serega/IdeaProjects/coworking)
2026-05-03 22:33:42 [restartedMain] INFO  com.example.coworking.CoworkingApplication - No active profile set, falling back to 1 default profile: "default"
2026-05-03 22:33:42 [restartedMain] INFO  org.springframework.data.repository.config.RepositoryConfigurationDelegate - Bootstrapping Spring Data JPA repositories in DEFAULT mode.
2026-05-03 22:33:42 [restartedMain] INFO  org.springframework.data.repository.config.RepositoryConfigurationDelegate - Finished Spring Data repository scanning in 12 ms. Found 5 JPA repository interfaces.
2026-05-03 22:33:42 [restartedMain] INFO  org.springframework.boot.tomcat.TomcatWebServer - Tomcat initialized with port 8080 (http)
2026-05-03 22:33:42 [restartedMain] INFO  org.apache.coyote.http11.Http11NioProtocol - Initializing ProtocolHandler ["http-nio-8080"]
2026-05-03 22:33:42 [restartedMain] INFO  org.apache.catalina.core.StandardService - Starting service [Tomcat]
2026-05-03 22:33:42 [restartedMain] INFO  org.apache.catalina.core.StandardEngine - Starting Servlet engine: [Apache Tomcat/11.0.18]
2026-05-03 22:33:42 [restartedMain] INFO  org.springframework.boot.web.context.servlet.WebApplicationContextInitializer - Root WebApplicationContext: initialization completed in 238 ms
2026-05-03 22:33:42 [restartedMain] INFO  org.hibernate.orm.jpa - HHH008540: Processing PersistenceUnitInfo [name: default]
2026-05-03 22:33:42 [restartedMain] INFO  org.springframework.orm.jpa.persistenceunit.SpringPersistenceUnitInfo - No LoadTimeWeaver setup: ignoring JPA class transformer
2026-05-03 22:33:42 [restartedMain] INFO  com.zaxxer.hikari.HikariDataSource - HikariPool-31 - Starting...
2026-05-03 22:33:42 [restartedMain] INFO  com.zaxxer.hikari.pool.HikariPool - HikariPool-31 - Added connection org.postgresql.jdbc.PgConnection@5dcbf73c
2026-05-03 22:33:42 [restartedMain] INFO  com.zaxxer.hikari.HikariDataSource - HikariPool-31 - Start completed.
2026-05-03 22:33:42 [restartedMain] INFO  org.hibernate.orm.connections.pooling - HHH10001005: Database info:
	Database JDBC URL [jdbc:postgresql://localhost:5432/coworkingsdb]
	Database driver: PostgreSQL JDBC Driver
	Database dialect: PostgreSQLDialect
	Database version: 18.3
	Default catalog/schema: coworkingsdb/public
	Autocommit mode: undefined/unknown
	Isolation level: READ_COMMITTED [default READ_COMMITTED]
	JDBC fetch size: none
	Pool: DataSourceConnectionProvider
	Minimum pool size: undefined/unknown
	Maximum pool size: undefined/unknown
2026-05-03 22:33:42 [restartedMain] INFO  org.hibernate.orm.core - HHH000489: No JTA platform available (set 'hibernate.transaction.jta.platform' to enable JTA platform integration)
2026-05-03 22:33:42 [restartedMain] INFO  org.springframework.orm.jpa.LocalContainerEntityManagerFactoryBean - Initialized JPA EntityManagerFactory for persistence unit 'default'
2026-05-03 22:33:42 [restartedMain] INFO  org.apache.coyote.http11.Http11NioProtocol - Starting ProtocolHandler ["http-nio-8080"]
2026-05-03 22:33:42 [restartedMain] INFO  org.springframework.boot.tomcat.TomcatWebServer - Tomcat started on port 8080 (http) with context path '/'
2026-05-03 22:33:43 [restartedMain] INFO  com.example.coworking.CoworkingApplication - Started CoworkingApplication in 0.909 seconds (process running for 1152.39)
2026-05-03 22:33:43 [restartedMain] INFO  org.springframework.boot.devtools.autoconfigure.ConditionEvaluationDeltaLoggingListener - Condition evaluation unchanged
2026-05-03 22:37:24 [File Watcher] INFO  org.springframework.boot.devtools.autoconfigure.LocalDevToolsAutoConfiguration$RestartingClassPathChangeChangedEventListener - Restarting due to 1 class path change (0 additions, 1 deletion, 0 modifications)
2026-05-03 22:37:24 [Thread-121] INFO  org.springframework.boot.tomcat.GracefulShutdown - Commencing graceful shutdown. Waiting for active requests to complete
2026-05-03 22:37:24 [tomcat-shutdown] INFO  org.apache.coyote.http11.Http11NioProtocol - Pausing ProtocolHandler ["http-nio-8080"]
2026-05-03 22:37:24 [tomcat-shutdown] INFO  org.springframework.boot.tomcat.GracefulShutdown - Graceful shutdown complete
2026-05-03 22:37:24 [Thread-121] INFO  org.apache.coyote.http11.Http11NioProtocol - Stopping ProtocolHandler ["http-nio-8080"]
2026-05-03 22:37:24 [Thread-121] INFO  org.springframework.orm.jpa.LocalContainerEntityManagerFactoryBean - Closing JPA EntityManagerFactory for persistence unit 'default'
2026-05-03 22:37:24 [Thread-121] INFO  com.zaxxer.hikari.HikariDataSource - HikariPool-31 - Shutdown initiated...
2026-05-03 22:37:24 [Thread-121] INFO  com.zaxxer.hikari.HikariDataSource - HikariPool-31 - Shutdown completed.
2026-05-03 22:37:24 [restartedMain] INFO  com.example.coworking.CoworkingApplication - Starting CoworkingApplication using Java 17.0.18 with PID 57396 (/home/serega/IdeaProjects/coworking/target/classes started by serega in /home/serega/IdeaProjects/coworking)
2026-05-03 22:37:24 [restartedMain] INFO  com.example.coworking.CoworkingApplication - No active profile set, falling back to 1 default profile: "default"
2026-05-03 22:37:25 [restartedMain] INFO  org.springframework.data.repository.config.RepositoryConfigurationDelegate - Bootstrapping Spring Data JPA repositories in DEFAULT mode.
2026-05-03 22:37:25 [restartedMain] INFO  org.springframework.data.repository.config.RepositoryConfigurationDelegate - Finished Spring Data repository scanning in 23 ms. Found 5 JPA repository interfaces.
2026-05-03 22:37:25 [restartedMain] INFO  org.springframework.boot.tomcat.TomcatWebServer - Tomcat initialized with port 8080 (http)
2026-05-03 22:37:25 [restartedMain] INFO  org.apache.coyote.http11.Http11NioProtocol - Initializing ProtocolHandler ["http-nio-8080"]
2026-05-03 22:37:25 [restartedMain] INFO  org.apache.catalina.core.StandardService - Starting service [Tomcat]
2026-05-03 22:37:25 [restartedMain] INFO  org.apache.catalina.core.StandardEngine - Starting Servlet engine: [Apache Tomcat/11.0.18]
2026-05-03 22:37:25 [restartedMain] INFO  org.springframework.boot.web.context.servlet.WebApplicationContextInitializer - Root WebApplicationContext: initialization completed in 456 ms
2026-05-03 22:37:25 [restartedMain] INFO  org.hibernate.orm.jpa - HHH008540: Processing PersistenceUnitInfo [name: default]
2026-05-03 22:37:25 [restartedMain] INFO  org.springframework.orm.jpa.persistenceunit.SpringPersistenceUnitInfo - No LoadTimeWeaver setup: ignoring JPA class transformer
2026-05-03 22:37:25 [restartedMain] INFO  com.zaxxer.hikari.HikariDataSource - HikariPool-32 - Starting...
2026-05-03 22:37:25 [restartedMain] INFO  com.zaxxer.hikari.pool.HikariPool - HikariPool-32 - Added connection org.postgresql.jdbc.PgConnection@203794b8
2026-05-03 22:37:25 [restartedMain] INFO  com.zaxxer.hikari.HikariDataSource - HikariPool-32 - Start completed.
2026-05-03 22:37:25 [restartedMain] INFO  org.hibernate.orm.connections.pooling - HHH10001005: Database info:
	Database JDBC URL [jdbc:postgresql://localhost:5432/coworkingsdb]
	Database driver: PostgreSQL JDBC Driver
	Database dialect: PostgreSQLDialect
	Database version: 18.3
	Default catalog/schema: coworkingsdb/public
	Autocommit mode: undefined/unknown
	Isolation level: READ_COMMITTED [default READ_COMMITTED]
	JDBC fetch size: none
	Pool: DataSourceConnectionProvider
	Minimum pool size: undefined/unknown
	Maximum pool size: undefined/unknown
2026-05-03 22:37:25 [restartedMain] INFO  org.hibernate.orm.core - HHH000489: No JTA platform available (set 'hibernate.transaction.jta.platform' to enable JTA platform integration)
2026-05-03 22:37:25 [restartedMain] INFO  org.springframework.orm.jpa.LocalContainerEntityManagerFactoryBean - Initialized JPA EntityManagerFactory for persistence unit 'default'
2026-05-03 22:37:26 [restartedMain] INFO  org.apache.coyote.http11.Http11NioProtocol - Starting ProtocolHandler ["http-nio-8080"]
2026-05-03 22:37:26 [restartedMain] INFO  org.springframework.boot.tomcat.TomcatWebServer - Tomcat started on port 8080 (http) with context path '/'
2026-05-03 22:37:26 [restartedMain] INFO  com.example.coworking.CoworkingApplication - Started CoworkingApplication in 1.598 seconds (process running for 1375.846)
2026-05-03 22:37:26 [restartedMain] INFO  org.springframework.boot.devtools.autoconfigure.ConditionEvaluationDeltaLoggingListener - Condition evaluation unchanged
2026-05-03 22:37:27 [File Watcher] INFO  org.springframework.boot.devtools.autoconfigure.LocalDevToolsAutoConfiguration$RestartingClassPathChangeChangedEventListener - Restarting due to 1 class path change (1 addition, 0 deletions, 0 modifications)
2026-05-03 22:37:27 [Thread-125] INFO  org.springframework.boot.tomcat.GracefulShutdown - Commencing graceful shutdown. Waiting for active requests to complete
2026-05-03 22:37:27 [tomcat-shutdown] INFO  org.apache.coyote.http11.Http11NioProtocol - Pausing ProtocolHandler ["http-nio-8080"]
2026-05-03 22:37:27 [tomcat-shutdown] INFO  org.springframework.boot.tomcat.GracefulShutdown - Graceful shutdown complete
2026-05-03 22:37:27 [Thread-125] INFO  org.apache.coyote.http11.Http11NioProtocol - Stopping ProtocolHandler ["http-nio-8080"]
2026-05-03 22:37:27 [Thread-125] INFO  org.springframework.orm.jpa.LocalContainerEntityManagerFactoryBean - Closing JPA EntityManagerFactory for persistence unit 'default'
2026-05-03 22:37:27 [Thread-125] INFO  com.zaxxer.hikari.HikariDataSource - HikariPool-32 - Shutdown initiated...
2026-05-03 22:37:27 [Thread-125] INFO  com.zaxxer.hikari.HikariDataSource - HikariPool-32 - Shutdown completed.
2026-05-03 22:37:28 [restartedMain] INFO  com.example.coworking.CoworkingApplication - Starting CoworkingApplication using Java 17.0.18 with PID 57396 (/home/serega/IdeaProjects/coworking/target/classes started by serega in /home/serega/IdeaProjects/coworking)
2026-05-03 22:37:28 [restartedMain] INFO  com.example.coworking.CoworkingApplication - No active profile set, falling back to 1 default profile: "default"
2026-05-03 22:37:28 [restartedMain] INFO  org.springframework.data.repository.config.RepositoryConfigurationDelegate - Bootstrapping Spring Data JPA repositories in DEFAULT mode.
2026-05-03 22:37:28 [restartedMain] INFO  org.springframework.data.repository.config.RepositoryConfigurationDelegate - Finished Spring Data repository scanning in 12 ms. Found 5 JPA repository interfaces.
2026-05-03 22:37:28 [restartedMain] INFO  org.springframework.boot.tomcat.TomcatWebServer - Tomcat initialized with port 8080 (http)
2026-05-03 22:37:28 [restartedMain] INFO  org.apache.coyote.http11.Http11NioProtocol - Initializing ProtocolHandler ["http-nio-8080"]
2026-05-03 22:37:28 [restartedMain] INFO  org.apache.catalina.core.StandardService - Starting service [Tomcat]
2026-05-03 22:37:28 [restartedMain] INFO  org.apache.catalina.core.StandardEngine - Starting Servlet engine: [Apache Tomcat/11.0.18]
2026-05-03 22:37:28 [restartedMain] INFO  org.springframework.boot.web.context.servlet.WebApplicationContextInitializer - Root WebApplicationContext: initialization completed in 400 ms
2026-05-03 22:37:28 [restartedMain] INFO  org.hibernate.orm.jpa - HHH008540: Processing PersistenceUnitInfo [name: default]
2026-05-03 22:37:28 [restartedMain] INFO  org.springframework.orm.jpa.persistenceunit.SpringPersistenceUnitInfo - No LoadTimeWeaver setup: ignoring JPA class transformer
2026-05-03 22:37:28 [restartedMain] INFO  com.zaxxer.hikari.HikariDataSource - HikariPool-33 - Starting...
2026-05-03 22:37:28 [restartedMain] INFO  com.zaxxer.hikari.pool.HikariPool - HikariPool-33 - Added connection org.postgresql.jdbc.PgConnection@760c59b4
2026-05-03 22:37:28 [restartedMain] INFO  com.zaxxer.hikari.HikariDataSource - HikariPool-33 - Start completed.
2026-05-03 22:37:28 [restartedMain] INFO  org.hibernate.orm.connections.pooling - HHH10001005: Database info:
	Database JDBC URL [jdbc:postgresql://localhost:5432/coworkingsdb]
	Database driver: PostgreSQL JDBC Driver
	Database dialect: PostgreSQLDialect
	Database version: 18.3
	Default catalog/schema: coworkingsdb/public
	Autocommit mode: undefined/unknown
	Isolation level: READ_COMMITTED [default READ_COMMITTED]
	JDBC fetch size: none
	Pool: DataSourceConnectionProvider
	Minimum pool size: undefined/unknown
	Maximum pool size: undefined/unknown
2026-05-03 22:37:28 [restartedMain] INFO  org.hibernate.orm.core - HHH000489: No JTA platform available (set 'hibernate.transaction.jta.platform' to enable JTA platform integration)
2026-05-03 22:37:28 [restartedMain] INFO  org.springframework.orm.jpa.LocalContainerEntityManagerFactoryBean - Initialized JPA EntityManagerFactory for persistence unit 'default'
2026-05-03 22:37:29 [restartedMain] INFO  org.apache.coyote.http11.Http11NioProtocol - Starting ProtocolHandler ["http-nio-8080"]
2026-05-03 22:37:29 [restartedMain] INFO  org.springframework.boot.tomcat.TomcatWebServer - Tomcat started on port 8080 (http) with context path '/'
2026-05-03 22:37:29 [restartedMain] INFO  com.example.coworking.CoworkingApplication - Started CoworkingApplication in 1.36 seconds (process running for 1378.978)
2026-05-03 22:37:29 [restartedMain] INFO  org.springframework.boot.devtools.autoconfigure.ConditionEvaluationDeltaLoggingListener - Condition evaluation unchanged
2026-05-03 22:40:20 [SpringApplicationShutdownHook] INFO  org.springframework.boot.tomcat.GracefulShutdown - Commencing graceful shutdown. Waiting for active requests to complete
2026-05-03 22:40:20 [tomcat-shutdown] INFO  org.springframework.boot.tomcat.GracefulShutdown - Graceful shutdown complete
2026-05-03 22:40:20 [SpringApplicationShutdownHook] INFO  org.springframework.orm.jpa.LocalContainerEntityManagerFactoryBean - Closing JPA EntityManagerFactory for persistence unit 'default'
2026-05-03 22:40:20 [SpringApplicationShutdownHook] INFO  com.zaxxer.hikari.HikariDataSource - HikariPool-33 - Shutdown initiated...
2026-05-03 22:40:20 [SpringApplicationShutdownHook] INFO  com.zaxxer.hikari.HikariDataSource - HikariPool-33 - Shutdown completed.
2026-05-03 22:40:23 [restartedMain] INFO  com.example.coworking.CoworkingApplication - Starting CoworkingApplication using Java 17.0.18 with PID 65909 (/home/serega/IdeaProjects/coworking/target/classes started by serega in /home/serega/IdeaProjects/coworking)
2026-05-03 22:40:23 [restartedMain] INFO  com.example.coworking.CoworkingApplication - No active profile set, falling back to 1 default profile: "default"
2026-05-03 22:40:23 [restartedMain] INFO  org.springframework.boot.devtools.env.DevToolsPropertyDefaultsPostProcessor - Devtools property defaults active! Set 'spring.devtools.add-properties' to 'false' to disable
2026-05-03 22:40:23 [restartedMain] INFO  org.springframework.boot.devtools.env.DevToolsPropertyDefaultsPostProcessor - For additional web related logging consider setting the 'logging.level.web' property to 'DEBUG'
2026-05-03 22:40:23 [background-preinit] INFO  org.hibernate.validator.internal.util.Version - HV000001: Hibernate Validator 9.0.1.Final
2026-05-03 22:40:24 [restartedMain] INFO  org.springframework.data.repository.config.RepositoryConfigurationDelegate - Bootstrapping Spring Data JPA repositories in DEFAULT mode.
2026-05-03 22:40:24 [restartedMain] INFO  org.springframework.data.repository.config.RepositoryConfigurationDelegate - Finished Spring Data repository scanning in 42 ms. Found 5 JPA repository interfaces.
2026-05-03 22:40:24 [restartedMain] INFO  org.springframework.boot.tomcat.TomcatWebServer - Tomcat initialized with port 8080 (http)
2026-05-03 22:40:24 [restartedMain] INFO  org.apache.coyote.http11.Http11NioProtocol - Initializing ProtocolHandler ["http-nio-8080"]
2026-05-03 22:40:24 [restartedMain] INFO  org.apache.catalina.core.StandardService - Starting service [Tomcat]
2026-05-03 22:40:24 [restartedMain] INFO  org.apache.catalina.core.StandardEngine - Starting Servlet engine: [Apache Tomcat/11.0.18]
2026-05-03 22:40:24 [restartedMain] INFO  org.springframework.boot.web.context.servlet.WebApplicationContextInitializer - Root WebApplicationContext: initialization completed in 1296 ms
2026-05-03 22:40:24 [restartedMain] INFO  org.hibernate.orm.jpa - HHH008540: Processing PersistenceUnitInfo [name: default]
2026-05-03 22:40:24 [restartedMain] INFO  org.hibernate.orm.core - HHH000001: Hibernate ORM core version 7.2.4.Final
2026-05-03 22:40:25 [restartedMain] INFO  org.springframework.orm.jpa.persistenceunit.SpringPersistenceUnitInfo - No LoadTimeWeaver setup: ignoring JPA class transformer
2026-05-03 22:40:25 [restartedMain] INFO  com.zaxxer.hikari.HikariDataSource - HikariPool-1 - Starting...
2026-05-03 22:40:25 [restartedMain] INFO  com.zaxxer.hikari.pool.HikariPool - HikariPool-1 - Added connection org.postgresql.jdbc.PgConnection@27f49db4
2026-05-03 22:40:25 [restartedMain] INFO  com.zaxxer.hikari.HikariDataSource - HikariPool-1 - Start completed.
2026-05-03 22:40:25 [restartedMain] INFO  org.hibernate.orm.connections.pooling - HHH10001005: Database info:
	Database JDBC URL [jdbc:postgresql://localhost:5432/coworkingsdb]
	Database driver: PostgreSQL JDBC Driver
	Database dialect: PostgreSQLDialect
	Database version: 18.3
	Default catalog/schema: coworkingsdb/public
	Autocommit mode: undefined/unknown
	Isolation level: READ_COMMITTED [default READ_COMMITTED]
	JDBC fetch size: none
	Pool: DataSourceConnectionProvider
	Minimum pool size: undefined/unknown
	Maximum pool size: undefined/unknown
2026-05-03 22:40:26 [restartedMain] INFO  org.hibernate.orm.core - HHH000489: No JTA platform available (set 'hibernate.transaction.jta.platform' to enable JTA platform integration)
2026-05-03 22:40:26 [restartedMain] INFO  org.springframework.orm.jpa.LocalContainerEntityManagerFactoryBean - Initialized JPA EntityManagerFactory for persistence unit 'default'
2026-05-03 22:40:26 [restartedMain] INFO  org.springframework.data.jpa.repository.query.QueryEnhancerFactories - Hibernate is in classpath; If applicable, HQL parser will be used.
2026-05-03 22:40:28 [restartedMain] INFO  org.apache.coyote.http11.Http11NioProtocol - Starting ProtocolHandler ["http-nio-8080"]
2026-05-03 22:40:28 [restartedMain] INFO  org.springframework.boot.tomcat.TomcatWebServer - Tomcat started on port 8080 (http) with context path '/'
2026-05-03 22:40:28 [restartedMain] INFO  com.example.coworking.CoworkingApplication - Started CoworkingApplication in 5.342 seconds (process running for 6.346)
2026-05-03 22:40:54 [http-nio-8080-exec-2] INFO  org.apache.catalina.core.ContainerBase.[Tomcat].[localhost].[/] - Initializing Spring DispatcherServlet 'dispatcherServlet'
2026-05-03 22:40:54 [http-nio-8080-exec-2] INFO  org.springframework.web.servlet.DispatcherServlet - Initializing Servlet 'dispatcherServlet'
2026-05-03 22:40:54 [http-nio-8080-exec-2] INFO  org.springframework.web.servlet.DispatcherServlet - Completed initialization in 2 ms
2026-05-03 22:40:55 [http-nio-8080-exec-2] ERROR com.example.coworking.exception.GlobalExceptionHandler - Validation error at /api/amenities: Validation failed for argument [0] in public com.example.coworking.dto.AmenityDto com.example.coworking.controller.AmenityController.createAmenity(com.example.coworking.dto.AmenityCreateDto) with 2 errors: [Field error in object 'amenityCreateDto' on field 'description': rejected value [22222222222222222222222222222222222222222222222222222222222222222222222222222222222222222222342222222222222222222222222222222222222222222222222222222222222222222222222222222222222222222234222222222222222222222222222222222222222222222222222222222222222222222222222222222222222222223422222222222222222222222222222222222222222222222222222222222222222222222222222222222222222222342222222222222222222222222222222222222222222222222222222222222222222222222222222222222222222234222222222222222222222222222222222222222222222222222222222222222222222222222222222222222222223422222222222222222222222222222222222222222222222222222222222222222222222222222222222222222222342222222222222222222222222222222222222222222222222222222222222222222222222222222222222222222234]; codes [Size.amenityCreateDto.description,Size.description,Size.java.lang.String,Size]; arguments [org.springframework.context.support.DefaultMessageSourceResolvable: codes [amenityCreateDto.description,description]; arguments []; default message [description],500,0]; default message [Description cannot exceed 500 characters]] [Field error in object 'amenityCreateDto' on field 'name': rejected value [1]; codes [Size.amenityCreateDto.name,Size.name,Size.java.lang.String,Size]; arguments [org.springframework.context.support.DefaultMessageSourceResolvable: codes [amenityCreateDto.name,name]; arguments []; default message [name],100,2]; default message [Amenity name must be between 2 and 100 characters]] 
2026-05-03 22:40:55 [http-nio-8080-exec-2] WARN  org.springframework.web.servlet.mvc.method.annotation.ExceptionHandlerExceptionResolver - Resolved [org.springframework.web.bind.MethodArgumentNotValidException: Validation failed for argument [0] in public com.example.coworking.dto.AmenityDto com.example.coworking.controller.AmenityController.createAmenity(com.example.coworking.dto.AmenityCreateDto) with 2 errors: [Field error in object 'amenityCreateDto' on field 'description': rejected value [22222222222222222222222222222222222222222222222222222222222222222222222222222222222222222222342222222222222222222222222222222222222222222222222222222222222222222222222222222222222222222234222222222222222222222222222222222222222222222222222222222222222222222222222222222222222222223422222222222222222222222222222222222222222222222222222222222222222222222222222222222222222222342222222222222222222222222222222222222222222222222222222222222222222222222222222222222222222234222222222222222222222222222222222222222222222222222222222222222222222222222222222222222222223422222222222222222222222222222222222222222222222222222222222222222222222222222222222222222222342222222222222222222222222222222222222222222222222222222222222222222222222222222222222222222234]; codes [Size.amenityCreateDto.description,Size.description,Size.java.lang.String,Size]; arguments [org.springframework.context.support.DefaultMessageSourceResolvable: codes [amenityCreateDto.description,description]; arguments []; default message [description],500,0]; default message [Description cannot exceed 500 characters]] [Field error in object 'amenityCreateDto' on field 'name': rejected value [1]; codes [Size.amenityCreateDto.name,Size.name,Size.java.lang.String,Size]; arguments [org.springframework.context.support.DefaultMessageSourceResolvable: codes [amenityCreateDto.name,name]; arguments []; default message [name],100,2]; default message [Amenity name must be between 2 and 100 characters]] ]
2026-05-03 22:45:10 [SpringApplicationShutdownHook] INFO  org.springframework.boot.tomcat.GracefulShutdown - Commencing graceful shutdown. Waiting for active requests to complete
2026-05-03 22:45:10 [tomcat-shutdown] INFO  org.springframework.boot.tomcat.GracefulShutdown - Graceful shutdown complete
2026-05-03 22:45:10 [SpringApplicationShutdownHook] INFO  org.springframework.orm.jpa.LocalContainerEntityManagerFactoryBean - Closing JPA EntityManagerFactory for persistence unit 'default'
2026-05-03 22:45:10 [SpringApplicationShutdownHook] INFO  com.zaxxer.hikari.HikariDataSource - HikariPool-1 - Shutdown initiated...
2026-05-03 22:45:10 [SpringApplicationShutdownHook] INFO  com.zaxxer.hikari.HikariDataSource - HikariPool-1 - Shutdown completed.
2026-05-03 22:45:14 [restartedMain] INFO  com.example.coworking.CoworkingApplication - Starting CoworkingApplication using Java 17.0.18 with PID 67442 (/home/serega/IdeaProjects/coworking/target/classes started by serega in /home/serega/IdeaProjects/coworking)
2026-05-03 22:45:14 [restartedMain] INFO  com.example.coworking.CoworkingApplication - No active profile set, falling back to 1 default profile: "default"
2026-05-03 22:45:14 [restartedMain] INFO  org.springframework.boot.devtools.env.DevToolsPropertyDefaultsPostProcessor - Devtools property defaults active! Set 'spring.devtools.add-properties' to 'false' to disable
2026-05-03 22:45:14 [restartedMain] INFO  org.springframework.boot.devtools.env.DevToolsPropertyDefaultsPostProcessor - For additional web related logging consider setting the 'logging.level.web' property to 'DEBUG'
2026-05-03 22:45:14 [background-preinit] INFO  org.hibernate.validator.internal.util.Version - HV000001: Hibernate Validator 9.0.1.Final
2026-05-03 22:45:15 [restartedMain] INFO  org.springframework.data.repository.config.RepositoryConfigurationDelegate - Bootstrapping Spring Data JPA repositories in DEFAULT mode.
2026-05-03 22:45:15 [restartedMain] INFO  org.springframework.data.repository.config.RepositoryConfigurationDelegate - Finished Spring Data repository scanning in 42 ms. Found 5 JPA repository interfaces.
2026-05-03 22:45:15 [restartedMain] INFO  org.springframework.boot.tomcat.TomcatWebServer - Tomcat initialized with port 8080 (http)
2026-05-03 22:45:15 [restartedMain] INFO  org.apache.coyote.http11.Http11NioProtocol - Initializing ProtocolHandler ["http-nio-8080"]
2026-05-03 22:45:15 [restartedMain] INFO  org.apache.catalina.core.StandardService - Starting service [Tomcat]
2026-05-03 22:45:15 [restartedMain] INFO  org.apache.catalina.core.StandardEngine - Starting Servlet engine: [Apache Tomcat/11.0.18]
2026-05-03 22:45:15 [restartedMain] INFO  org.springframework.boot.web.context.servlet.WebApplicationContextInitializer - Root WebApplicationContext: initialization completed in 1291 ms
2026-05-03 22:45:15 [restartedMain] INFO  org.hibernate.orm.jpa - HHH008540: Processing PersistenceUnitInfo [name: default]
2026-05-03 22:45:15 [restartedMain] INFO  org.hibernate.orm.core - HHH000001: Hibernate ORM core version 7.2.4.Final
2026-05-03 22:45:16 [restartedMain] INFO  org.springframework.orm.jpa.persistenceunit.SpringPersistenceUnitInfo - No LoadTimeWeaver setup: ignoring JPA class transformer
2026-05-03 22:45:16 [restartedMain] INFO  com.zaxxer.hikari.HikariDataSource - HikariPool-1 - Starting...
2026-05-03 22:45:16 [restartedMain] INFO  com.zaxxer.hikari.pool.HikariPool - HikariPool-1 - Added connection org.postgresql.jdbc.PgConnection@27f49db4
2026-05-03 22:45:16 [restartedMain] INFO  com.zaxxer.hikari.HikariDataSource - HikariPool-1 - Start completed.
2026-05-03 22:45:16 [restartedMain] INFO  org.hibernate.orm.connections.pooling - HHH10001005: Database info:
	Database JDBC URL [jdbc:postgresql://localhost:5432/coworkingsdb]
	Database driver: PostgreSQL JDBC Driver
	Database dialect: PostgreSQLDialect
	Database version: 18.3
	Default catalog/schema: coworkingsdb/public
	Autocommit mode: undefined/unknown
	Isolation level: READ_COMMITTED [default READ_COMMITTED]
	JDBC fetch size: none
	Pool: DataSourceConnectionProvider
	Minimum pool size: undefined/unknown
	Maximum pool size: undefined/unknown
2026-05-03 22:45:17 [restartedMain] INFO  org.hibernate.orm.core - HHH000489: No JTA platform available (set 'hibernate.transaction.jta.platform' to enable JTA platform integration)
2026-05-03 22:45:17 [restartedMain] INFO  org.springframework.orm.jpa.LocalContainerEntityManagerFactoryBean - Initialized JPA EntityManagerFactory for persistence unit 'default'
2026-05-03 22:45:17 [restartedMain] INFO  org.springframework.data.jpa.repository.query.QueryEnhancerFactories - Hibernate is in classpath; If applicable, HQL parser will be used.
2026-05-03 22:45:19 [restartedMain] INFO  org.apache.coyote.http11.Http11NioProtocol - Starting ProtocolHandler ["http-nio-8080"]
2026-05-03 22:45:19 [restartedMain] INFO  org.springframework.boot.tomcat.TomcatWebServer - Tomcat started on port 8080 (http) with context path '/'
2026-05-03 22:45:19 [restartedMain] INFO  com.example.coworking.CoworkingApplication - Started CoworkingApplication in 5.433 seconds (process running for 6.134)
2026-05-03 22:45:25 [http-nio-8080-exec-2] INFO  org.apache.catalina.core.ContainerBase.[Tomcat].[localhost].[/] - Initializing Spring DispatcherServlet 'dispatcherServlet'
2026-05-03 22:45:25 [http-nio-8080-exec-2] INFO  org.springframework.web.servlet.DispatcherServlet - Initializing Servlet 'dispatcherServlet'
2026-05-03 22:45:25 [http-nio-8080-exec-2] INFO  org.springframework.web.servlet.DispatcherServlet - Completed initialization in 1 ms
2026-05-03 22:45:25 [http-nio-8080-exec-2] ERROR com.example.coworking.exception.GlobalExceptionHandler - Validation error at /api/amenities: Validation failed for argument [0] in public com.example.coworking.dto.AmenityDto com.example.coworking.controller.AmenityController.createAmenity(com.example.coworking.dto.AmenityCreateDto) with 2 errors: [Field error in object 'amenityCreateDto' on field 'description': rejected value [22222222222222222222222222222222222222222222222222222222222222222222222222222222222222222222342222222222222222222222222222222222222222222222222222222222222222222222222222222222222222222234222222222222222222222222222222222222222222222222222222222222222222222222222222222222222222223422222222222222222222222222222222222222222222222222222222222222222222222222222222222222222222342222222222222222222222222222222222222222222222222222222222222222222222222222222222222222222234222222222222222222222222222222222222222222222222222222222222222222222222222222222222222222223422222222222222222222222222222222222222222222222222222222222222222222222222222222222222222222342222222222222222222222222222222222222222222222222222222222222222222222222222222222222222222234]; codes [Size.amenityCreateDto.description,Size.description,Size.java.lang.String,Size]; arguments [org.springframework.context.support.DefaultMessageSourceResolvable: codes [amenityCreateDto.description,description]; arguments []; default message [description],500,0]; default message [Description cannot exceed 500 characters]] [Field error in object 'amenityCreateDto' on field 'name': rejected value [1]; codes [Size.amenityCreateDto.name,Size.name,Size.java.lang.String,Size]; arguments [org.springframework.context.support.DefaultMessageSourceResolvable: codes [amenityCreateDto.name,name]; arguments []; default message [name],100,2]; default message [Amenity name must be between 2 and 100 characters]] 
2026-05-03 22:45:25 [http-nio-8080-exec-2] WARN  org.springframework.web.servlet.mvc.method.annotation.ExceptionHandlerExceptionResolver - Resolved [org.springframework.web.bind.MethodArgumentNotValidException: Validation failed for argument [0] in public com.example.coworking.dto.AmenityDto com.example.coworking.controller.AmenityController.createAmenity(com.example.coworking.dto.AmenityCreateDto) with 2 errors: [Field error in object 'amenityCreateDto' on field 'description': rejected value [22222222222222222222222222222222222222222222222222222222222222222222222222222222222222222222342222222222222222222222222222222222222222222222222222222222222222222222222222222222222222222234222222222222222222222222222222222222222222222222222222222222222222222222222222222222222222223422222222222222222222222222222222222222222222222222222222222222222222222222222222222222222222342222222222222222222222222222222222222222222222222222222222222222222222222222222222222222222234222222222222222222222222222222222222222222222222222222222222222222222222222222222222222222223422222222222222222222222222222222222222222222222222222222222222222222222222222222222222222222342222222222222222222222222222222222222222222222222222222222222222222222222222222222222222222234]; codes [Size.amenityCreateDto.description,Size.description,Size.java.lang.String,Size]; arguments [org.springframework.context.support.DefaultMessageSourceResolvable: codes [amenityCreateDto.description,description]; arguments []; default message [description],500,0]; default message [Description cannot exceed 500 characters]] [Field error in object 'amenityCreateDto' on field 'name': rejected value [1]; codes [Size.amenityCreateDto.name,Size.name,Size.java.lang.String,Size]; arguments [org.springframework.context.support.DefaultMessageSourceResolvable: codes [amenityCreateDto.name,name]; arguments []; default message [name],100,2]; default message [Amenity name must be between 2 and 100 characters]] ]
2026-05-03 22:45:30 [http-nio-8080-exec-4] ERROR com.example.coworking.exception.GlobalExceptionHandler - Validation error at /api/amenities: Validation failed for argument [0] in public com.example.coworking.dto.AmenityDto com.example.coworking.controller.AmenityController.createAmenity(com.example.coworking.dto.AmenityCreateDto) with 2 errors: [Field error in object 'amenityCreateDto' on field 'name': rejected value [1]; codes [Size.amenityCreateDto.name,Size.name,Size.java.lang.String,Size]; arguments [org.springframework.context.support.DefaultMessageSourceResolvable: codes [amenityCreateDto.name,name]; arguments []; default message [name],100,2]; default message [Amenity name must be between 2 and 100 characters]] [Field error in object 'amenityCreateDto' on field 'description': rejected value [22222222222222222222222222222222222222222222222222222222222222222222222222222222222222222222342222222222222222222222222222222222222222222222222222222222222222222222222222222222222222222234222222222222222222222222222222222222222222222222222222222222222222222222222222222222222222223422222222222222222222222222222222222222222222222222222222222222222222222222222222222222222222342222222222222222222222222222222222222222222222222222222222222222222222222222222222222222222234222222222222222222222222222222222222222222222222222222222222222222222222222222222222222222223422222222222222222222222222222222222222222222222222222222222222222222222222222222222222222222342222222222222222222222222222222222222222222222222222222222222222222222222222222222222222222234]; codes [Size.amenityCreateDto.description,Size.description,Size.java.lang.String,Size]; arguments [org.springframework.context.support.DefaultMessageSourceResolvable: codes [amenityCreateDto.description,description]; arguments []; default message [description],500,0]; default message [Description cannot exceed 500 characters]] 
2026-05-03 22:45:30 [http-nio-8080-exec-4] WARN  org.springframework.web.servlet.mvc.method.annotation.ExceptionHandlerExceptionResolver - Resolved [org.springframework.web.bind.MethodArgumentNotValidException: Validation failed for argument [0] in public com.example.coworking.dto.AmenityDto com.example.coworking.controller.AmenityController.createAmenity(com.example.coworking.dto.AmenityCreateDto) with 2 errors: [Field error in object 'amenityCreateDto' on field 'name': rejected value [1]; codes [Size.amenityCreateDto.name,Size.name,Size.java.lang.String,Size]; arguments [org.springframework.context.support.DefaultMessageSourceResolvable: codes [amenityCreateDto.name,name]; arguments []; default message [name],100,2]; default message [Amenity name must be between 2 and 100 characters]] [Field error in object 'amenityCreateDto' on field 'description': rejected value [22222222222222222222222222222222222222222222222222222222222222222222222222222222222222222222342222222222222222222222222222222222222222222222222222222222222222222222222222222222222222222234222222222222222222222222222222222222222222222222222222222222222222222222222222222222222222223422222222222222222222222222222222222222222222222222222222222222222222222222222222222222222222342222222222222222222222222222222222222222222222222222222222222222222222222222222222222222222234222222222222222222222222222222222222222222222222222222222222222222222222222222222222222222223422222222222222222222222222222222222222222222222222222222222222222222222222222222222222222222342222222222222222222222222222222222222222222222222222222222222222222222222222222222222222222234]; codes [Size.amenityCreateDto.description,Size.description,Size.java.lang.String,Size]; arguments [org.springframework.context.support.DefaultMessageSourceResolvable: codes [amenityCreateDto.description,description]; arguments []; default message [description],500,0]; default message [Description cannot exceed 500 characters]] ]
2026-05-03 22:46:11 [File Watcher] INFO  org.springframework.boot.devtools.autoconfigure.LocalDevToolsAutoConfiguration$RestartingClassPathChangeChangedEventListener - Restarting due to 1 class path change (0 additions, 0 deletions, 1 modification)
2026-05-03 22:46:11 [Thread-1] INFO  org.springframework.boot.tomcat.GracefulShutdown - Commencing graceful shutdown. Waiting for active requests to complete
2026-05-03 22:46:11 [tomcat-shutdown] INFO  org.apache.coyote.http11.Http11NioProtocol - Pausing ProtocolHandler ["http-nio-8080"]
2026-05-03 22:46:11 [tomcat-shutdown] INFO  org.springframework.boot.tomcat.GracefulShutdown - Graceful shutdown complete
2026-05-03 22:46:11 [Thread-1] INFO  org.apache.coyote.http11.Http11NioProtocol - Stopping ProtocolHandler ["http-nio-8080"]
2026-05-03 22:46:11 [Thread-1] INFO  org.springframework.orm.jpa.LocalContainerEntityManagerFactoryBean - Closing JPA EntityManagerFactory for persistence unit 'default'
2026-05-03 22:46:11 [Thread-1] INFO  com.zaxxer.hikari.HikariDataSource - HikariPool-1 - Shutdown initiated...
2026-05-03 22:46:11 [Thread-1] INFO  com.zaxxer.hikari.HikariDataSource - HikariPool-1 - Shutdown completed.
2026-05-03 22:46:11 [restartedMain] INFO  com.example.coworking.CoworkingApplication - Starting CoworkingApplication using Java 17.0.18 with PID 67442 (/home/serega/IdeaProjects/coworking/target/classes started by serega in /home/serega/IdeaProjects/coworking)
2026-05-03 22:46:11 [restartedMain] INFO  com.example.coworking.CoworkingApplication - No active profile set, falling back to 1 default profile: "default"
2026-05-03 22:46:11 [restartedMain] INFO  org.springframework.data.repository.config.RepositoryConfigurationDelegate - Bootstrapping Spring Data JPA repositories in DEFAULT mode.
2026-05-03 22:46:11 [restartedMain] INFO  org.springframework.data.repository.config.RepositoryConfigurationDelegate - Finished Spring Data repository scanning in 16 ms. Found 5 JPA repository interfaces.
2026-05-03 22:46:11 [restartedMain] INFO  org.springframework.boot.tomcat.TomcatWebServer - Tomcat initialized with port 8080 (http)
2026-05-03 22:46:11 [restartedMain] INFO  org.apache.coyote.http11.Http11NioProtocol - Initializing ProtocolHandler ["http-nio-8080"]
2026-05-03 22:46:11 [restartedMain] INFO  org.apache.catalina.core.StandardService - Starting service [Tomcat]
2026-05-03 22:46:11 [restartedMain] INFO  org.apache.catalina.core.StandardEngine - Starting Servlet engine: [Apache Tomcat/11.0.18]
2026-05-03 22:46:11 [restartedMain] INFO  org.springframework.boot.web.context.servlet.WebApplicationContextInitializer - Root WebApplicationContext: initialization completed in 573 ms
2026-05-03 22:46:11 [restartedMain] INFO  org.hibernate.orm.jpa - HHH008540: Processing PersistenceUnitInfo [name: default]
2026-05-03 22:46:11 [restartedMain] INFO  org.springframework.orm.jpa.persistenceunit.SpringPersistenceUnitInfo - No LoadTimeWeaver setup: ignoring JPA class transformer
2026-05-03 22:46:11 [restartedMain] INFO  com.zaxxer.hikari.HikariDataSource - HikariPool-2 - Starting...
2026-05-03 22:46:11 [restartedMain] INFO  com.zaxxer.hikari.pool.HikariPool - HikariPool-2 - Added connection org.postgresql.jdbc.PgConnection@4eba93a9
2026-05-03 22:46:11 [restartedMain] INFO  com.zaxxer.hikari.HikariDataSource - HikariPool-2 - Start completed.
2026-05-03 22:46:11 [restartedMain] INFO  org.hibernate.orm.connections.pooling - HHH10001005: Database info:
	Database JDBC URL [jdbc:postgresql://localhost:5432/coworkingsdb]
	Database driver: PostgreSQL JDBC Driver
	Database dialect: PostgreSQLDialect
	Database version: 18.3
	Default catalog/schema: coworkingsdb/public
	Autocommit mode: undefined/unknown
	Isolation level: READ_COMMITTED [default READ_COMMITTED]
	JDBC fetch size: none
	Pool: DataSourceConnectionProvider
	Minimum pool size: undefined/unknown
	Maximum pool size: undefined/unknown
2026-05-03 22:46:12 [restartedMain] INFO  org.hibernate.orm.core - HHH000489: No JTA platform available (set 'hibernate.transaction.jta.platform' to enable JTA platform integration)
2026-05-03 22:46:12 [restartedMain] INFO  org.springframework.orm.jpa.LocalContainerEntityManagerFactoryBean - Initialized JPA EntityManagerFactory for persistence unit 'default'
2026-05-03 22:46:12 [restartedMain] INFO  org.apache.coyote.http11.Http11NioProtocol - Starting ProtocolHandler ["http-nio-8080"]
2026-05-03 22:46:12 [restartedMain] INFO  org.springframework.boot.tomcat.TomcatWebServer - Tomcat started on port 8080 (http) with context path '/'
2026-05-03 22:46:12 [restartedMain] INFO  com.example.coworking.CoworkingApplication - Started CoworkingApplication in 1.383 seconds (process running for 59.455)
2026-05-03 22:46:12 [restartedMain] INFO  org.springframework.boot.devtools.autoconfigure.ConditionEvaluationDeltaLoggingListener - Condition evaluation unchanged
2026-05-03 22:46:28 [SpringApplicationShutdownHook] INFO  org.springframework.boot.tomcat.GracefulShutdown - Commencing graceful shutdown. Waiting for active requests to complete
2026-05-03 22:46:28 [tomcat-shutdown] INFO  org.springframework.boot.tomcat.GracefulShutdown - Graceful shutdown complete
2026-05-03 22:46:28 [SpringApplicationShutdownHook] INFO  org.springframework.orm.jpa.LocalContainerEntityManagerFactoryBean - Closing JPA EntityManagerFactory for persistence unit 'default'
2026-05-03 22:46:28 [SpringApplicationShutdownHook] INFO  com.zaxxer.hikari.HikariDataSource - HikariPool-2 - Shutdown initiated...
2026-05-03 22:46:28 [SpringApplicationShutdownHook] INFO  com.zaxxer.hikari.HikariDataSource - HikariPool-2 - Shutdown completed.
2026-05-03 22:46:31 [restartedMain] INFO  com.example.coworking.CoworkingApplication - Starting CoworkingApplication using Java 17.0.18 with PID 67968 (/home/serega/IdeaProjects/coworking/target/classes started by serega in /home/serega/IdeaProjects/coworking)
2026-05-03 22:46:31 [restartedMain] INFO  com.example.coworking.CoworkingApplication - No active profile set, falling back to 1 default profile: "default"
2026-05-03 22:46:31 [restartedMain] INFO  org.springframework.boot.devtools.env.DevToolsPropertyDefaultsPostProcessor - Devtools property defaults active! Set 'spring.devtools.add-properties' to 'false' to disable
2026-05-03 22:46:31 [restartedMain] INFO  org.springframework.boot.devtools.env.DevToolsPropertyDefaultsPostProcessor - For additional web related logging consider setting the 'logging.level.web' property to 'DEBUG'
2026-05-03 22:46:32 [background-preinit] INFO  org.hibernate.validator.internal.util.Version - HV000001: Hibernate Validator 9.0.1.Final
2026-05-03 22:46:32 [restartedMain] INFO  org.springframework.data.repository.config.RepositoryConfigurationDelegate - Bootstrapping Spring Data JPA repositories in DEFAULT mode.
2026-05-03 22:46:32 [restartedMain] INFO  org.springframework.data.repository.config.RepositoryConfigurationDelegate - Finished Spring Data repository scanning in 44 ms. Found 5 JPA repository interfaces.
2026-05-03 22:46:33 [restartedMain] INFO  org.springframework.boot.tomcat.TomcatWebServer - Tomcat initialized with port 8080 (http)
2026-05-03 22:46:33 [restartedMain] INFO  org.apache.coyote.http11.Http11NioProtocol - Initializing ProtocolHandler ["http-nio-8080"]
2026-05-03 22:46:33 [restartedMain] INFO  org.apache.catalina.core.StandardService - Starting service [Tomcat]
2026-05-03 22:46:33 [restartedMain] INFO  org.apache.catalina.core.StandardEngine - Starting Servlet engine: [Apache Tomcat/11.0.18]
2026-05-03 22:46:33 [restartedMain] INFO  org.springframework.boot.web.context.servlet.WebApplicationContextInitializer - Root WebApplicationContext: initialization completed in 1297 ms
2026-05-03 22:46:33 [restartedMain] INFO  org.hibernate.orm.jpa - HHH008540: Processing PersistenceUnitInfo [name: default]
2026-05-03 22:46:33 [restartedMain] INFO  org.hibernate.orm.core - HHH000001: Hibernate ORM core version 7.2.4.Final
2026-05-03 22:46:33 [restartedMain] INFO  org.springframework.orm.jpa.persistenceunit.SpringPersistenceUnitInfo - No LoadTimeWeaver setup: ignoring JPA class transformer
2026-05-03 22:46:33 [restartedMain] INFO  com.zaxxer.hikari.HikariDataSource - HikariPool-1 - Starting...
2026-05-03 22:46:33 [restartedMain] INFO  com.zaxxer.hikari.pool.HikariPool - HikariPool-1 - Added connection org.postgresql.jdbc.PgConnection@2d7dcd51
2026-05-03 22:46:33 [restartedMain] INFO  com.zaxxer.hikari.HikariDataSource - HikariPool-1 - Start completed.
2026-05-03 22:46:33 [restartedMain] INFO  org.hibernate.orm.connections.pooling - HHH10001005: Database info:
	Database JDBC URL [jdbc:postgresql://localhost:5432/coworkingsdb]
	Database driver: PostgreSQL JDBC Driver
	Database dialect: PostgreSQLDialect
	Database version: 18.3
	Default catalog/schema: coworkingsdb/public
	Autocommit mode: undefined/unknown
	Isolation level: READ_COMMITTED [default READ_COMMITTED]
	JDBC fetch size: none
	Pool: DataSourceConnectionProvider
	Minimum pool size: undefined/unknown
	Maximum pool size: undefined/unknown
2026-05-03 22:46:34 [restartedMain] INFO  org.hibernate.orm.core - HHH000489: No JTA platform available (set 'hibernate.transaction.jta.platform' to enable JTA platform integration)
2026-05-03 22:46:34 [restartedMain] INFO  org.springframework.orm.jpa.LocalContainerEntityManagerFactoryBean - Initialized JPA EntityManagerFactory for persistence unit 'default'
2026-05-03 22:46:34 [restartedMain] INFO  org.springframework.data.jpa.repository.query.QueryEnhancerFactories - Hibernate is in classpath; If applicable, HQL parser will be used.
2026-05-03 22:46:36 [restartedMain] INFO  org.apache.coyote.http11.Http11NioProtocol - Starting ProtocolHandler ["http-nio-8080"]
2026-05-03 22:46:36 [restartedMain] INFO  org.springframework.boot.tomcat.TomcatWebServer - Tomcat started on port 8080 (http) with context path '/'
2026-05-03 22:46:36 [restartedMain] INFO  com.example.coworking.CoworkingApplication - Started CoworkingApplication in 5.23 seconds (process running for 5.898)
2026-05-03 22:47:11 [http-nio-8080-exec-1] INFO  org.apache.catalina.core.ContainerBase.[Tomcat].[localhost].[/] - Initializing Spring DispatcherServlet 'dispatcherServlet'
2026-05-03 22:47:11 [http-nio-8080-exec-1] INFO  org.springframework.web.servlet.DispatcherServlet - Initializing Servlet 'dispatcherServlet'
2026-05-03 22:47:11 [http-nio-8080-exec-1] INFO  org.springframework.web.servlet.DispatcherServlet - Completed initialization in 1 ms
2026-05-03 22:47:11 [http-nio-8080-exec-1] ERROR com.example.coworking.exception.GlobalExceptionHandler - Validation error at /api/amenities: Validation failed for argument [0] in public com.example.coworking.dto.AmenityDto com.example.coworking.controller.AmenityController.createAmenity(com.example.coworking.dto.AmenityCreateDto) with 2 errors: [Field error in object 'amenityCreateDto' on field 'description': rejected value [22222222222222222222222222222222222222222222222222222222222222222222222222222222222222222222342222222222222222222222222222222222222222222222222222222222222222222222222222222222222222222234222222222222222222222222222222222222222222222222222222222222222222222222222222222222222222223422222222222222222222222222222222222222222222222222222222222222222222222222222222222222222222342222222222222222222222222222222222222222222222222222222222222222222222222222222222222222222234222222222222222222222222222222222222222222222222222222222222222222222222222222222222222222223422222222222222222222222222222222222222222222222222222222222222222222222222222222222222222222342222222222222222222222222222222222222222222222222222222222222222222222222222222222222222222234]; codes [Size.amenityCreateDto.description,Size.description,Size.java.lang.String,Size]; arguments [org.springframework.context.support.DefaultMessageSourceResolvable: codes [amenityCreateDto.description,description]; arguments []; default message [description],500,0]; default message [Description cannot exceed 500 characters]] [Field error in object 'amenityCreateDto' on field 'name': rejected value [1]; codes [Size.amenityCreateDto.name,Size.name,Size.java.lang.String,Size]; arguments [org.springframework.context.support.DefaultMessageSourceResolvable: codes [amenityCreateDto.name,name]; arguments []; default message [name],100,2]; default message [Amenity name must be between 2 and 100 characters]] 
2026-05-03 22:47:11 [http-nio-8080-exec-1] WARN  org.springframework.web.servlet.mvc.method.annotation.ExceptionHandlerExceptionResolver - Resolved [org.springframework.web.bind.MethodArgumentNotValidException: Validation failed for argument [0] in public com.example.coworking.dto.AmenityDto com.example.coworking.controller.AmenityController.createAmenity(com.example.coworking.dto.AmenityCreateDto) with 2 errors: [Field error in object 'amenityCreateDto' on field 'description': rejected value [22222222222222222222222222222222222222222222222222222222222222222222222222222222222222222222342222222222222222222222222222222222222222222222222222222222222222222222222222222222222222222234222222222222222222222222222222222222222222222222222222222222222222222222222222222222222222223422222222222222222222222222222222222222222222222222222222222222222222222222222222222222222222342222222222222222222222222222222222222222222222222222222222222222222222222222222222222222222234222222222222222222222222222222222222222222222222222222222222222222222222222222222222222222223422222222222222222222222222222222222222222222222222222222222222222222222222222222222222222222342222222222222222222222222222222222222222222222222222222222222222222222222222222222222222222234]; codes [Size.amenityCreateDto.description,Size.description,Size.java.lang.String,Size]; arguments [org.springframework.context.support.DefaultMessageSourceResolvable: codes [amenityCreateDto.description,description]; arguments []; default message [description],500,0]; default message [Description cannot exceed 500 characters]] [Field error in object 'amenityCreateDto' on field 'name': rejected value [1]; codes [Size.amenityCreateDto.name,Size.name,Size.java.lang.String,Size]; arguments [org.springframework.context.support.DefaultMessageSourceResolvable: codes [amenityCreateDto.name,name]; arguments []; default message [name],100,2]; default message [Amenity name must be between 2 and 100 characters]] ]
